source,price,beds,baths,sqft,neighborhood,days_ago,is_stale,link,district,fair_value,pct_under,score,freshness_boost,final_score,rank
Craigslist,875,0,0.0,,Mavis and Britannia,5,False,https://toronto.craigslist.org/mss/apa/d/mississauga-private-furnished-room-for/7922923163.html,Toronto,2005.8297872340424,56.377155949678595,1.0,0.15,1.15,1.0
Craigslist,1400,1,0.0,,PARKDALE,5,False,https://toronto.craigslist.org/tor/apa/d/toronto-south-parkdale-bed-spacious/7922360323.html,Midtown,3136.2608695652175,55.36085618432362,0.9819731991045787,0.15,1.1319731991045787,2.0
Craigslist,750,0,0.0,,Scarborough,5,False,https://toronto.craigslist.org/tor/apa/d/scarborough-room-for-rent/7928980628.html,Scarborough,1670.8333333333333,55.11221945137157,0.9775629600855338,0.15,1.1275629600855337,3.0
Craigslist,1000,0,0.0,,Etobicoke,5,False,https://toronto.craigslist.org/tor/apa/d/etobicoke-private-bedroom-with-parking/7925595828.html,Etobicoke,2198.3333333333335,54.51099317664898,0.9668986003001762,0.15,1.1168986003001762,4.0
Craigslist,1100,0,0.0,,King and Dufferin,5,False,https://toronto.craigslist.org/tor/apa/d/toronto-renovated-bachelor-for-rent/7928628119.html,Midtown,2357.3636363636365,53.33770390652115,0.9460871696708075,0.15,1.0960871696708074,5.0
Craigslist,950,0,0.0,,Toronto,5,False,https://toronto.craigslist.org/tor/apa/d/toronto-downtown-house-furnished-room/7925948989.html,Toronto,2005.8297872340424,52.63805503107961,0.933677021204538,0.15,1.083677021204538,6.0
Craigslist,950,0,0.0,,Toronto,5,False,https://toronto.craigslist.org/tor/apa/d/downtown-toronto-downtown-house/7925950135.html,Toronto,2005.8297872340424,52.63805503107961,0.933677021204538,0.15,1.083677021204538,7.0
Craigslist,2080,1,0.0,,Bay Street Corridor,5,False,https://toronto.craigslist.org/tor/apa/d/toronto-bed-hard-loft-steps-to-subway/7926112091.html,Downtown,4385.5,52.57097252308745,0.9324871330865202,0.15,1.0824871330865202,8.0
Craigslist,1200,1,0.0,,"Mississauga, ON",5,False,https://toronto.craigslist.org/mss/apa/d/mississauga-bedroom-bungalow/7927560939.html,Toronto,2462.5737704918033,51.27049535006025,0.9094196840263373,0.15,1.0594196840263372,9.0
Craigslist,2150,1,0.0,,University/Dundas,5,False,https://toronto.craigslist.org/tor/apa/d/downtown-toronto-bedroom-bathroom-9t6/7920868040.html,Downtown,4385.5,50.9748033291529,0.9041747933267908,0.15,1.0541747933267909,10.0
Kijiji,1000,0,0.0,,Caledonia-Fairbank,0,False,https://www.kijiji.ca/v-apartments-condos/city-of-toronto/apartment-for-rent/1736293696,Toronto,2005.8297872340424,50.145321085346964,0.8894617020075636,0.15,1.0394617020075636,11.0
Craigslist,1200,0,0.0,,PARKDALE,5,False,https://toronto.craigslist.org/tor/apa/d/toronto-bachelor-studio-with-private/7926356178.html,Midtown,2357.3636363636365,49.09567698893217,0.8708434500093306,0.15,1.0208434500093306,12.0
Craigslist,1600,1,0.0,,HIGH PARK,5,False,https://toronto.craigslist.org/tor/apa/d/toronto-must-see-high-park-lifestyle-on/7926557078.html,Midtown,3136.2608695652175,48.983835639226996,0.8688596438413678,0.15,1.0188596438413677,13.0
Craigslist,1600,1,0.0,,LITTLE ITALY,5,False,https://toronto.craigslist.org/tor/apa/d/downtown-toronto-little-italy-spacious/7920680740.html,Midtown,3136.2608695652175,48.983835639226996,0.8688596438413678,0.15,1.0188596438413677,14.0
Craigslist,2300,1,0.0,,Harbourfront,5,False,https://toronto.craigslist.org/tor/apa/d/downtown-toronto-bedroom-bathroom-sugar/7925862802.html,Downtown,4385.5,47.5544407707217,0.843505493841656,0.15,0.993505493841656,15.0
Craigslist,1299,1,0.0,,Mavis and Britannia,5,False,https://toronto.craigslist.org/mss/apa/d/mississauga-private-bed-basement-suite/7922922433.html,Toronto,2462.5737704918033,47.25031121644022,0.8381109408678781,0.15,0.9881109408678781,16.0
Craigslist,1750,1,0.0,,HIGH PARK,5,False,https://toronto.craigslist.org/tor/apa/d/toronto-great-value-spacious-bed-steps/7927002694.html,Midtown,3136.2608695652175,44.201070230404525,0.7840244773939596,0.15,0.9340244773939597,17.0
Kijiji,2125,1,1.0,,St Lawrence-East Bayfront-The Islands,22,False,https://www.kijiji.ca/v-apartments-condos/city-of-toronto/downtown-toronto-1-bedroom-plus-den-1-bath-for-rent/1735170468,Downtown,4385.5,51.54486375555809,0.9142863432409798,0.0,0.9142863432409798,18.0
Craigslist,2500,1,0.0,,"Downtown, Toronto",5,False,https://toronto.craigslist.org/tor/apa/d/toronto-level-apartment-furnished-bed/7919656396.html,Downtown,4385.5,42.993957359480106,0.7626130945281431,0.15,0.9126130945281431,19.0
Craigslist,2500,1,0.0,,Harbourfront,5,False,https://toronto.craigslist.org/tor/apa/d/toronto-bedroom-bathroom-malibu-condos/7920238795.html,Downtown,4385.5,42.993957359480106,0.7626130945281431,0.15,0.9126130945281431,20.0
Kijiji,2500,1,1.0,,Humber Bay Shores,3,False,https://www.kijiji.ca/v-apartments-condos/city-of-toronto/condo-for-rent/1736161064,Downtown,4385.5,42.993957359480106,0.7626130945281431,0.15,0.9126130945281431,21.0
Craigslist,1795,1,0.0,,SOUTH PARKDALE,5,False,https://toronto.craigslist.org/tor/apa/d/toronto-great-value-bed-cozy-south/7926557706.html,Midtown,3136.2608695652175,42.76624060775779,0.7585739274597373,0.15,0.9085739274597373,22.0
Craigslist,1800,1,0.0,,"Toronto, Little Italy",5,False,https://toronto.craigslist.org/tor/apa/d/toronto-basement-for-rent-bedroom/7921985119.html,Midtown,3136.2608695652175,42.60681509413037,0.755746088578157,0.15,0.905746088578157,23.0
Craigslist,1800,1,0.0,,"Toronto, Little Italy",5,False,https://toronto.craigslist.org/tor/apa/d/toronto-bedroom-furnished-basement-for/7922963324.html,Midtown,3136.2608695652175,42.60681509413037,0.755746088578157,0.15,0.905746088578157,24.0
Craigslist,1800,1,0.0,,"Toronto, Little Italy",5,False,https://toronto.craigslist.org/tor/apa/d/toronto-bedroom-furnished-basement-for/7927263455.html,Midtown,3136.2608695652175,42.60681509413037,0.755746088578157,0.15,0.905746088578157,25.0
Craigslist,1800,1,0.0,,SOUTH PARKDALE,5,False,https://toronto.craigslist.org/tor/apa/d/toronto-south-parkdale-gem-main-level/7926111263.html,Midtown,3136.2608695652175,42.60681509413037,0.755746088578157,0.15,0.905746088578157,26.0
Craigslist,2300,2,0.0,,Downtown Pickering – Bay Ridges,5,False,https://toronto.craigslist.org/drh/apa/d/pickering-downtown-pickering-brand-new/7921539720.html,Downtown,3992.3076923076924,42.38921001926783,0.751886279206844,0.15,0.901886279206844,27.0
Craigslist,1700,2,0.0,,LITTLE ITALY,5,False,https://toronto.craigslist.org/tor/apa/d/downtown-toronto-best-value-beds-bath/7926110788.html,Midtown,2888.4210526315787,41.14431486880466,0.7298047263244258,0.15,0.8798047263244259,28.0
Craigslist,2800,3,0.0,,Toronto Yonge and Eglinton,5,False,https://toronto.craigslist.org/tor/apa/d/north-york-bedroom-apartment-over-store/7923722031.html,Downtown,4733.333333333333,40.84507042253521,0.7244968238375292,0.15,0.8744968238375292,29.0
Kijiji,1200,0,0.0,,Humber Summit,4,False,https://www.kijiji.ca/v-apartments-condos/city-of-toronto/basment-apartment-for-rent/1736087563,Toronto,2005.8297872340424,40.17438530241636,0.7126004252196655,0.15,0.8626004252196655,30.0
Craigslist,1475,1,0.0,,"Rockcliffe-Smythe,",5,False,https://toronto.craigslist.org/tor/apa/d/york-ensuite-laundry-spacious-bed-lower/7926556575.html,Toronto,2462.5737704918033,40.103317201115715,0.711339841919506,0.15,0.8613398419195061,31.0
Craigslist,1500,1,0.0,,CORSO ITALIA,5,False,https://toronto.craigslist.org/tor/apa/d/york-steps-to-st-clair-shops-and/7922360726.html,Toronto,2462.5737704918033,39.08811918757531,0.6933325835461579,0.15,0.8433325835461579,32.0
Craigslist,1950,1,0.0,,dupont and dufferin,5,False,https://toronto.craigslist.org/tor/apa/d/west-toronto-must-see-bed-luxury/7927006720.html,Midtown,3136.2608695652175,37.824049685307905,0.670910922130749,0.15,0.820910922130749,33.0
Craigslist,2750,1,0.0,,North St. James Town,5,False,https://toronto.craigslist.org/tor/apa/d/toronto-11-bed-baths-parking/7923911528.html,Downtown,4385.5,37.29335309542812,0.661497595386252,0.15,0.811497595386252,34.0
Craigslist,1550,1,0.0,,"Toronto, Mount Dennis",5,False,https://toronto.craigslist.org/tor/apa/d/north-york-1158-weston-road-updated/7927655426.html,Toronto,2462.5737704918033,37.05772316049449,0.6573180667994615,0.15,0.8073180667994615,35.0
Craigslist,1550,1,0.0,,THE JUNCTION,5,False,https://toronto.craigslist.org/tor/apa/d/toronto-wont-last-long-spacious-jr-bed/7923810425.html,Toronto,2462.5737704918033,37.05772316049449,0.6573180667994615,0.15,0.8073180667994615,36.0
Craigslist,2550,2,0.0,,Downtown Pickering – Bay Ridges,5,False,https://toronto.craigslist.org/drh/apa/d/pickering-downtown-pickering-large/7921540656.html,Downtown,3992.3076923076924,36.127167630057805,0.6408121697785601,0.15,0.7908121697785602,37.0
Craigslist,1625,2,0.0,,Toronto,5,False,https://toronto.craigslist.org/tor/apa/d/east-york-135-chisholm-ave-bed-1bath/7923910847.html,Toronto,2520.0142857142855,35.51623857007613,0.6299757050848289,0.15,0.7799757050848289,38.0
Craigslist,1192,0,0.0,,north york,5,False,https://toronto.craigslist.org/tor/apa/d/north-york-walk-min-bus-to-finch-stn/7927186854.html,North York,1848.0,35.4978354978355,0.6296492772625909,0.15,0.7796492772625909,39.0
Craigslist,1300,0,0.0,,brampton-caledon,5,False,https://toronto.craigslist.org/bra/apa/d/brampton-legal-basement-one-bed-room/7922291312.html,Toronto,2005.8297872340424,35.188917410951056,0.6241697868257163,0.15,0.7741697868257164,40.0
Craigslist,1600,1,0.0,,TORONTO,5,False,https://toronto.craigslist.org/tor/apa/d/downtown-toronto-central-downtown/7923007421.html,Toronto,2462.5737704918033,35.027327133413664,0.6213035500527648,0.15,0.7713035500527649,41.0
Craigslist,1600,1,0.0,,THE JUNCTION,5,False,https://toronto.craigslist.org/tor/apa/d/west-toronto-steps-to-subway-bed-lower/7926781152.html,Toronto,2462.5737704918033,35.027327133413664,0.6213035500527648,0.15,0.7713035500527649,42.0
Craigslist,2600,2,0.0,,ENTERTAINMENT DISTIRCT,5,False,https://toronto.craigslist.org/tor/apa/d/downtown-toronto-urban-loft-style/7926559143.html,Downtown,3992.3076923076924,34.8747591522158,0.6185973478929034,0.15,0.7685973478929035,43.0
Craigslist,2600,2,0.0,,Downtown Pickering – Bay Ridges,5,False,https://toronto.craigslist.org/drh/apa/d/pickering-downtown-pickering-brand-new/7921542758.html,Downtown,3992.3076923076924,34.8747591522158,0.6185973478929034,0.15,0.7685973478929035,44.0
Craigslist,2050,1,0.0,,dupont and dufferin,5,False,https://toronto.craigslist.org/tor/apa/d/west-toronto-incredible-value-spacious/7927007172.html,Midtown,3136.2608695652175,34.635539412759584,0.6143541444991434,0.15,0.7643541444991434,45.0
Craigslist,1895,2,0.0,,SOUTH PARKDALE,5,False,https://toronto.craigslist.org/tor/apa/d/toronto-great-value-beds-bath-renovated/7923811906.html,Midtown,2888.4210526315787,34.39322157434402,0.6100559880147713,0.15,0.7600559880147714,46.0
Kijiji,1547,0,0.0,,High Park North,2,False,https://www.kijiji.ca/v-apartments-condos/city-of-toronto/bachelor-apartment-for-rent/1736205264,Midtown,2357.3636363636365,34.375843584898384,0.6097477427840053,0.15,0.7597477427840054,47.0
Craigslist,2100,1,0.0,,dupont and dufferin,5,False,https://toronto.craigslist.org/tor/apa/d/west-toronto-brand-new-never-lived-in/7929122381.html,Midtown,3136.2608695652175,33.041284276485435,0.5860757556833408,0.15,0.7360757556833408,48.0
Craigslist,1650,1,0.0,,THE JUNCTION,5,False,https://toronto.craigslist.org/tor/apa/d/west-toronto-steps-to-geary-ave-newly/7923810638.html,Toronto,2462.5737704918033,32.99693110633284,0.5852890333060682,0.15,0.7352890333060682,49.0
Craigslist,1650,1,0.0,,DUPONT AND DOVERCOURT,5,False,https://toronto.craigslist.org/tor/apa/d/west-toronto-steps-to-geary-ave-newly/7926557322.html,Toronto,2462.5737704918033,32.99693110633284,0.5852890333060682,0.15,0.7352890333060682,50.0
Craigslist,1650,1,0.0,,Corso Italia,5,False,https://toronto.craigslist.org/tor/apa/d/toronto-bedroom-bright-basement-for/7927182731.html,Toronto,2462.5737704918033,32.99693110633284,0.5852890333060682,0.15,0.7352890333060682,51.0
Craigslist,1350,0,0.0,,Toronto,5,False,https://toronto.craigslist.org/tor/apa/d/toronto-furnished-downtown-studios/7920389533.html,Toronto,2005.8297872340424,32.696183465218404,0.5799544676287418,0.15,0.7299544676287418,52.0
Craigslist,1700,2,0.0,,Malvern West,5,False,https://toronto.craigslist.org/tor/apa/d/scarborough-ground-floor-separate/7925660586.html,Toronto,2520.0142857142855,32.54006496561811,0.5771852875065724,0.15,0.7271852875065724,53.0
Craigslist,1700,2,0.0,,Toronto,5,False,https://toronto.craigslist.org/tor/apa/d/york-56-bicknell-ave-lower-bright-2bed/7922965351.html,Toronto,2520.0142857142855,32.54006496561811,0.5771852875065724,0.15,0.7271852875065724,54.0
Craigslist,2700,2,0.0,,Church-Yonge Corridor,5,False,https://toronto.craigslist.org/tor/apa/d/toronto-bed-bath-beautiful-loft/7926360974.html,Downtown,3992.3076923076924,32.369942196531795,0.57416770412159,0.15,0.72416770412159,55.0
Kijiji,1599,0,0.0,,The Annex,0,False,https://www.kijiji.ca/v-apartments-condos/city-of-toronto/skyliner-studio-apartment-for-rent/1736283314,Midtown,2357.3636363636365,32.16998958775211,0.5706210085600374,0.15,0.7206210085600374,56.0
Craigslist,2195,3,0.0,,STONEGATE QUEENSWAY,5,False,https://toronto.craigslist.org/tor/apa/d/etobicoke-incredible-value-beds-baths/7923813903.html,Toronto,3229.923076923077,32.04172521374646,0.5683458960282853,0.15,0.7183458960282854,57.0
Craigslist,2750,2,0.0,,Church-Yonge Corridor,5,False,https://toronto.craigslist.org/tor/apa/d/toronto-beds-bath-parking-included/7922783757.html,Downtown,3992.3076923076924,31.11753371868979,0.5519528822359332,0.15,0.7019528822359332,58.0
Craigslist,1700,1,0.0,,THE JUNCTION,5,False,https://toronto.craigslist.org/tor/apa/d/toronto-upper-level-utilities-incld/7923811001.html,Toronto,2462.5737704918033,30.966535079252015,0.5492745165593717,0.15,0.6992745165593717,59.0
Craigslist,2000,2,0.0,,York,5,False,https://toronto.craigslist.org/tor/apa/d/york-large-bedroom-bsmt-2000-utilities/7924739814.html,Midtown,2888.4210526315787,30.758017492711364,0.5455758981557266,0.15,0.6955758981557266,60.0
Craigslist,2000,2,0.0,,Queen West,5,False,https://toronto.craigslist.org/tor/apa/d/toronto-queen-west-2br-800sqft/7928871312.html,Midtown,2888.4210526315787,30.758017492711364,0.5455758981557266,0.15,0.6955758981557266,61.0
Craigslist,2000,2,0.0,,Kensington market,5,False,https://toronto.craigslist.org/tor/apa/d/downtown-toronto-2nd-floor-2bedrooms/7922057883.html,Midtown,2888.4210526315787,30.758017492711364,0.5455758981557266,0.15,0.6955758981557266,62.0
Craigslist,1750,2,0.0,,Toronto,5,False,https://toronto.craigslist.org/tor/apa/d/toronto-130-lambton-ave-bsmt-updated/7923414420.html,Toronto,2520.0142857142855,30.555949229312752,0.5419916757877346,0.15,0.6919916757877346,63.0
Craigslist,1750,2,0.0,,Forest Hill South / Bathurst & St Clair,5,False,https://toronto.craigslist.org/tor/apa/d/toronto-studio-bedroom-apartments-for/7920269980.html,Toronto,2520.0142857142855,30.555949229312752,0.5419916757877346,0.15,0.6919916757877346,64.0
Kijiji,1400,0,0.0,,Brockton Village,4,False,https://www.kijiji.ca/v-apartments-condos/city-of-toronto/basement-apartment-for-rent/1736085729,Toronto,2005.8297872340424,30.203449519485748,0.5357391484317672,0.15,0.6857391484317672,65.0
Craigslist,2195,1,0.0,,HIGH PARK AND RONCE,5,False,https://toronto.craigslist.org/tor/apa/d/toronto-high-park-lifestyle-bed/7926558399.html,Midtown,3136.2608695652175,30.012199517564536,0.5323468169333156,0.15,0.6823468169333157,66.0
Craigslist,1775,2,0.0,,Brampton,5,False,https://toronto.craigslist.org/bra/apa/d/brampton-fully-furnished-luxury-1133/7928678878.html,Toronto,2520.0142857142855,29.563891361160078,0.5243948699283157,0.15,0.6743948699283158,67.0
Craigslist,1750,1,0.0,,THE JUNCTION,5,False,https://toronto.craigslist.org/tor/apa/d/toronto-incredibly-renovated-in-the/7926110182.html,Toronto,2462.5737704918033,28.936139052171196,0.5132599998126752,0.15,0.6632599998126752,68.0
Craigslist,1800,2,0.0,,lansdowne and bloor,5,False,https://toronto.craigslist.org/tor/apa/d/west-toronto-must-see-great-value-with/7922361083.html,Toronto,2520.0142857142855,28.571833493007404,0.5067980640688968,0.15,0.6567980640688968,69.0
Craigslist,1700,0,0.0,,"Toronto, Roncesvalles",5,False,https://toronto.craigslist.org/tor/apa/d/toronto-24-noble-st-g11-loft-studio/7927457163.html,Midtown,2357.3636363636365,27.88554240098724,0.4946248517019457,0.15,0.6446248517019457,70.0
Craigslist,1800,1,0.0,,WYCHWOOD,5,False,https://toronto.craigslist.org/tor/apa/d/west-toronto-wychwood-gem-upper-floor/7922361999.html,Toronto,2462.5737704918033,26.905743025090374,0.47724548306597864,0.15,0.6272454830659786,71.0
Craigslist,1800,1,0.0,,Maple,5,False,https://toronto.craigslist.org/yrk/apa/d/maple-walkout-br-unit-sep-entrance-pet/7928803797.html,Toronto,2462.5737704918033,26.905743025090374,0.47724548306597864,0.15,0.6272454830659786,72.0
Craigslist,2300,1,0.0,,Leslieville,5,False,https://toronto.craigslist.org/tor/apa/d/toronto-stunning-1br-den-in-the-heart/7928547136.html,Midtown,3136.2608695652175,26.664263731388804,0.4729622004201299,0.15,0.6229622004201298,73.0
Kijiji,1850,2,0.0,,Dovercourt Village,1,False,https://www.kijiji.ca/v-apartments-condos/city-of-toronto/apartment-for-rent/1736239263,Toronto,2520.0142857142855,26.587717756702055,0.4716044523500592,0.15,0.6216044523500592,74.0
Craigslist,1850,2,0.0,,Stockyards/Junction,5,False,https://toronto.craigslist.org/tor/apa/d/york-bright-spacious-2br-steps-to-st/7920632026.html,Toronto,2520.0142857142855,26.587717756702055,0.4716044523500592,0.15,0.6216044523500592,75.0
Craigslist,1475,0,0.0,,Dalton Road,5,False,https://toronto.craigslist.org/tor/apa/d/toronto-annex-spadina-and-bloor-one/7923178918.html,Toronto,2005.8297872340424,26.464348600886773,0.4694161696363054,0.15,0.6194161696363054,76.0
Craigslist,3500,3,0.0,,University and Dundas,5,False,https://toronto.craigslist.org/tor/apa/d/toronto-121-st-patrick/7929045996.html,Downtown,4733.333333333333,26.05633802816901,0.4621790083101479,0.15,0.6121790083101479,77.0
Craigslist,1745,0,0.0,,NORTH RIVERDALE,5,False,https://toronto.craigslist.org/tor/apa/d/east-toronto-studio-suite-in-heritage/7922623154.html,Midtown,2357.3636363636365,25.976630288072194,0.460765177854281,0.15,0.610765177854281,78.0
Craigslist,2400,3,0.0,,THE JUNCTION,5,False,https://toronto.craigslist.org/tor/apa/d/york-main-level-the-junction-triangle/7922362970.html,Toronto,3229.923076923077,25.694824835075856,0.4557666026645734,0.15,0.6057666026645734,79.0
Craigslist,2400,3,0.0,,Toronto,5,False,https://toronto.craigslist.org/tor/apa/d/toronto-bedrooms-apartment-3rd-floor/7925173652.html,Toronto,3229.923076923077,25.694824835075856,0.4557666026645734,0.15,0.6057666026645734,80.0
Craigslist,2400,3,0.0,,Toronto,5,False,https://toronto.craigslist.org/tor/apa/d/toronto-bedrooms-apartment-2nd-floor/7925173785.html,Toronto,3229.923076923077,25.694824835075856,0.4557666026645734,0.15,0.6057666026645734,81.0
Craigslist,2400,3,0.0,,Corso Italia-Davenport,5,False,https://toronto.craigslist.org/tor/apa/d/york-corso-italia-beds-bath-utilities/7927004341.html,Toronto,3229.923076923077,25.694824835075856,0.4557666026645734,0.15,0.6057666026645734,82.0
Craigslist,2400,3,0.0,,DAVENPORT AND SYMINGTON,5,False,https://toronto.craigslist.org/tor/apa/d/york-incredible-value-beds-bath/7923815023.html,Toronto,3229.923076923077,25.694824835075856,0.4557666026645734,0.15,0.6057666026645734,83.0
Craigslist,1495,0,0.0,,Moss Park,5,False,https://toronto.craigslist.org/tor/apa/d/toronto-furnished-studio-apartment/7925047313.html,Toronto,2005.8297872340424,25.46725502259371,0.4517300419575156,0.15,0.6017300419575156,84.0
Craigslist,1500,0,0.0,,Toronto,5,False,https://toronto.craigslist.org/tor/apa/d/york-basement-apartment-for-rent/7928826426.html,Toronto,2005.8297872340424,25.217981628020446,0.44730851003781813,0.15,0.5973085100378182,85.0
Craigslist,1850,1,0.0,,Toronto,5,False,https://toronto.craigslist.org/tor/apa/d/downtown-toronto-central-downtown-bed/7926261377.html,Toronto,2462.5737704918033,24.875346998009547,0.44123096631928205,0.15,0.5912309663192821,86.0
Craigslist,2190,2,0.0,,Queen West,5,False,https://toronto.craigslist.org/tor/apa/d/toronto-queen-west-large-2br-1000sqft/7928871201.html,Midtown,2888.4210526315787,24.180029154518945,0.42889764031555044,0.15,0.5788976403155505,87.0
Craigslist,1895,1,0.0,,Riverside,5,False,https://toronto.craigslist.org/tor/apa/d/toronto-bedroom-bathroom-sync-lofts/7925863433.html,Toronto,2462.5737704918033,23.047990573636806,0.40881790124725514,0.15,0.5588179012472552,88.0
Craigslist,1550,0,0.0,,Moss Park,5,False,https://toronto.craigslist.org/tor/apa/d/toronto-furnished-studio-apartment/7923594444.html,Toronto,2005.8297872340424,22.725247682287794,0.40309319084084355,0.15,0.5530931908408435,89.0
Craigslist,1550,0,0.0,,Brampton,5,False,https://toronto.craigslist.org/bra/apa/d/brampton-one-bedroom-downtown-brampton/7928737520.html,Toronto,2005.8297872340424,22.725247682287794,0.40309319084084355,0.15,0.5530931908408435,90.0
Craigslist,1950,2,0.0,,Richmond Hill,5,False,https://toronto.craigslist.org/yrk/apa/d/richmond-hill-bed-bath-basement-unit-in/7923445091.html,Toronto,2520.0142857142855,22.61948628409135,0.4012172289123837,0.15,0.5512172289123837,91.0
Craigslist,2450,1,0.0,,Bloor / Ossington,5,False,https://toronto.craigslist.org/tor/apa/d/toronto-bedroom-den-apartment-main/7926961608.html,Midtown,3136.2608695652175,21.881498322566337,0.38812703397272175,0.15,0.5381270339727218,92.0
Craigslist,1995,2,0.0,,Toronto,5,False,https://toronto.craigslist.org/tor/apa/d/york-modern-renovated-bedroom-apartment/7926718545.html,Toronto,2520.0142857142855,20.83378212141654,0.3695429783654298,0.15,0.5195429783654298,93.0
Craigslist,1995,2,0.0,,"Wychwood,",5,False,https://toronto.craigslist.org/tor/apa/d/york-must-see-incredible-value-beds/7926781823.html,Toronto,2520.0142857142855,20.83378212141654,0.3695429783654298,0.15,0.5195429783654298,94.0
Craigslist,1950,1,0.0,,Toronto,5,False,https://toronto.craigslist.org/tor/apa/d/toronto-large-bedroom-apartment-in/7927590277.html,Toronto,2462.5737704918033,20.814554943847902,0.3692019328258889,0.15,0.5192019328258889,95.0
Craigslist,2000,2,0.0,,"Dovercourt-Wallace Emerson-Junction,",5,False,https://toronto.craigslist.org/tor/apa/d/west-toronto-best-value-upper-unit-beds/7926111815.html,Toronto,2520.0142857142855,20.635370547786003,0.36602361719354604,0.15,0.5160236171935461,96.0
Craigslist,2000,2,0.0,,CORSO ITALIA,5,False,https://toronto.craigslist.org/tor/apa/d/york-newly-renovated-high-ceilings-beds/7923812738.html,Toronto,2520.0142857142855,20.635370547786003,0.36602361719354604,0.15,0.5160236171935461,97.0
Craigslist,1600,0,0.0,,york region,5,False,https://toronto.craigslist.org/yrk/apa/d/unionville-two-bedrooms-unit-is/7925485248.html,Toronto,2005.8297872340424,20.232513736555145,0.3588778716438691,0.15,0.5088778716438691,98.0
Craigslist,1600,0,0.0,,Cliffside,5,False,https://toronto.craigslist.org/tor/apa/d/scarborough-scarborough-basement/7928833165.html,Toronto,2005.8297872340424,20.232513736555145,0.3588778716438691,0.15,0.5088778716438691,99.0
Craigslist,1600,0,0.0,,OSHAWA,5,False,https://toronto.craigslist.org/drh/apa/d/oshawa-apartment-for-rent/7925921581.html,Toronto,2005.8297872340424,20.232513736555145,0.3588778716438691,0.15,0.5088778716438691,100.0
Craigslist,3200,2,0.0,,Downtown Toronto,5,False,https://toronto.craigslist.org/tor/apa/d/downtown-toronto-bed-bath-den-condo-for/7928301389.html,Downtown,3992.3076923076924,19.845857418111752,0.35201948526502236,0.15,0.5020194852650224,101.0
Craigslist,1980,1,0.0,,Toronto,5,False,https://toronto.craigslist.org/tor/apa/d/toronto-clinton-st-apt-cozy-bed-1bath/7920510512.html,Toronto,2462.5737704918033,19.596317327599408,0.347593222777871,0.15,0.497593222777871,102.0
Craigslist,2600,3,0.0,,Morningside and Finch,5,False,https://toronto.craigslist.org/tor/apa/d/scarborough-bedroom-25-washroom-house/7928776794.html,Toronto,3229.923076923077,19.50272690466551,0.3459331457243667,0.15,0.49593314572436664,103.0
Craigslist,1999,1,0.0,,"Toronto, Waterfront Communities",5,False,https://toronto.craigslist.org/tor/apa/d/toronto-39-sherbourne-st-modern-1bed/7926822961.html,Toronto,2462.5737704918033,18.824766837308697,0.33390770641412637,0.15,0.4839077064141264,104.0
Kijiji,2349,3,0.0,,Toronto,19,False,https://www.kijiji.ca/v-apartments-condos/city-of-toronto/3-bedroom-apartment-for-rent-1330-danforth-road/1735350776,Toronto,3229.923076923077,27.273809807330494,0.48377413418432613,0.0,0.48377413418432613,105.0
Craigslist,2000,1,0.0,,Toronto,5,False,https://toronto.craigslist.org/tor/apa/d/toronto-bed-bath-main-floor-riverdale/7929098109.html,Toronto,2462.5737704918033,18.784158916767076,0.33318741607919233,0.15,0.48318741607919236,106.0
Craigslist,2000,1,0.0,,Toronto,5,False,https://toronto.craigslist.org/tor/apa/d/toronto-bed-bath-condo-name-the/7926050526.html,Toronto,2462.5737704918033,18.784158916767076,0.33318741607919233,0.15,0.48318741607919236,107.0
Craigslist,2000,1,0.0,,Vaughan,5,False,https://toronto.craigslist.org/yrk/apa/d/concord-interchange-way-furnished-open/7929104849.html,Toronto,2462.5737704918033,18.784158916767076,0.33318741607919233,0.15,0.48318741607919236,108.0
Craigslist,2000,1,0.0,,65 Bremner Blvd. at York Street - 55 & 65 Bremner Blvd. M5J0,5,False,https://toronto.craigslist.org/tor/apa/d/toronto-65-bremner-blvd-maple-leaf/7928843295.html,Toronto,2462.5737704918033,18.784158916767076,0.33318741607919233,0.15,0.48318741607919236,109.0
Craigslist,2000,1,0.0,,Toronto,5,False,https://toronto.craigslist.org/tor/apa/d/toronto-bed-bath-river-fifth-condos/7926049045.html,Toronto,2462.5737704918033,18.784158916767076,0.33318741607919233,0.15,0.48318741607919236,110.0
Kijiji,1550,0,0.0,,Westminster-Branson,8,False,https://www.kijiji.ca/v-apartments-condos/city-of-toronto/ground-floor-studio-for-rent/1735864731,Toronto,2005.8297872340424,22.725247682287794,0.40309319084084355,0.08,0.48309319084084357,111.0
Craigslist,2050,2,0.0,,Toronto,5,False,https://toronto.craigslist.org/tor/apa/d/york-28-holwood-ave-upper-2bed-1bath/7920975628.html,Toronto,2520.0142857142855,18.65125481148065,0.33083000547470826,0.15,0.4808300054747082,112.0
Craigslist,2050,2,0.0,,Toronto,5,False,https://toronto.craigslist.org/tor/apa/d/toronto-perfect-bed-for-students-queen/7926593408.html,Toronto,2520.0142857142855,18.65125481148065,0.33083000547470826,0.15,0.4808300054747082,113.0
Craigslist,2650,3,0.0,,Toronto,5,False,https://toronto.craigslist.org/tor/apa/d/toronto-560-bathurst-st-bed-1bath/7921046955.html,Toronto,3229.923076923077,17.954702422062926,0.318474781489315,0.15,0.468474781489315,114.0
Craigslist,1650,0,0.0,,THE JUNCTION,5,False,https://toronto.craigslist.org/tor/apa/d/toronto-brand-new-never-lived-in-south/7926781328.html,Toronto,2005.8297872340424,17.739779790822492,0.3146625524468945,0.15,0.4646625524468945,115.0
Kijiji,1650,0,0.0,,Bathurst Manor,2,False,https://www.kijiji.ca/v-apartments-condos/city-of-toronto/apartment-for-rent/1736190212,Toronto,2005.8297872340424,17.739779790822492,0.3146625524468945,0.15,0.4646625524468945,116.0
Craigslist,2000,2,0.0,,"Toronto, Woodbine-Lumsden",5,False,https://toronto.craigslist.org/tor/apa/d/east-york-1001-cosburn-ave-bsmt-bed/7923503185.html,Scarborough,2428.0,17.627677100494235,0.31267411070236384,0.15,0.46267411070236386,117.0
Craigslist,3300,2,0.0,,Downtown,5,False,https://toronto.craigslist.org/tor/apa/d/toronto-bedrooms-bath-den-condo-for/7928552855.html,Downtown,3992.3076923076924,17.34104046242775,0.30758984149370894,0.15,0.45758984149370896,118.0
Craigslist,2599,1,0.0,,Corktown,5,False,https://toronto.craigslist.org/tor/apa/d/toronto-furnished-bedroom-bathroom/7920890289.html,Midtown,3136.2608695652175,17.130618016469352,0.30385743530162973,0.15,0.4538574353016297,119.0
Craigslist,2100,2,0.0,,city of toronto,5,False,https://toronto.craigslist.org/tor/apa/d/east-york-new-bedroom-bathroom-basement/7927198788.html,Toronto,2520.0142857142855,16.667139075175307,0.29563639375587064,0.15,0.4456363937558706,120.0
Craigslist,2100,2,0.0,,Toronto,5,False,https://toronto.craigslist.org/tor/apa/d/toronto-bedroom-bathroom-basement-uoft/7922874443.html,Toronto,2520.0142857142855,16.667139075175307,0.29563639375587064,0.15,0.4456363937558706,121.0
Craigslist,2700,3,0.0,,Toronto,5,False,https://toronto.craigslist.org/tor/apa/d/toronto-bed-bath-basement/7929099213.html,Toronto,3229.923076923077,16.40667793946034,0.29101641725426336,0.15,0.4410164172542633,122.0
Craigslist,2700,3,0.0,,Richmond Hill,5,False,https://toronto.craigslist.org/yrk/apa/d/richmond-hill-beautiful-bedroom1-bath/7927204032.html,Toronto,3229.923076923077,16.40667793946034,0.29101641725426336,0.15,0.4410164172542633,123.0
Craigslist,1995,0,0.0,,dupont and dufferin,5,False,https://toronto.craigslist.org/tor/apa/d/west-toronto-galleria-on-the-park/7929122043.html,Midtown,2357.3636363636365,15.37156299409973,0.2726558787005885,0.15,0.4226558787005885,124.0
Craigslist,1700,0,0.0,,Toronto,5,False,https://toronto.craigslist.org/tor/apa/d/york-modern-fully-furnished-basement/7928612276.html,Toronto,2005.8297872340424,15.24704584508984,0.27044723324992,0.15,0.42044723324991995,125.0
Craigslist,2450,2,0.0,,dupont and dufferin,5,False,https://toronto.craigslist.org/tor/apa/d/west-toronto-brand-new-luxury-beds/7929124377.html,Midtown,2888.4210526315787,15.178571428571422,0.2692326559026778,0.15,0.4192326559026778,126.0
Craigslist,2000,0,0.0,,Queen West-Kensington,5,False,https://toronto.craigslist.org/tor/apa/d/toronto-furnished-studio-design-haus/7924395259.html,Midtown,2357.3636363636365,15.159461648220281,0.2688936927175147,0.15,0.41889369271751464,127.0
Craigslist,3400,2,0.0,,Yonge and Eglinton,5,False,https://toronto.craigslist.org/tor/apa/d/york-yonge-eglinton-soho-loft-bedroom/7929084454.html,Downtown,3992.3076923076924,14.836223506743739,0.2631601977223954,0.15,0.41316019772239543,128.0
Craigslist,2100,1,0.0,,Enterainment District,5,False,https://toronto.craigslist.org/tor/apa/d/toronto-bed-bath-thompson-residences/7926054129.html,Toronto,2462.5737704918033,14.723366862605433,0.26115838258579926,0.15,0.4111583825857993,129.0
Craigslist,2150,2,0.0,,Toronto,5,False,https://toronto.craigslist.org/tor/apa/d/york-bed-bath-apartment/7924325199.html,Toronto,2520.0142857142855,14.683023338869955,0.2604427820370329,0.15,0.4104427820370329,130.0
Craigslist,2150,2,0.0,,THE JUNCTION,5,False,https://toronto.craigslist.org/tor/apa/d/york-must-see-main-level-beds-bath/7922362604.html,Toronto,2520.0142857142855,14.683023338869955,0.2604427820370329,0.15,0.4104427820370329,131.0
Craigslist,2100,1,0.0,,North York,5,False,https://toronto.craigslist.org/tor/apa/d/north-york-the-waldorf-bright-bed-bath/7928909750.html,North York,2450.0,14.285714285714285,0.2533954408495792,0.15,0.40339544084957923,132.0
Craigslist,2790,3,0.0,,Toronto,5,False,https://toronto.craigslist.org/tor/apa/d/toronto-65-turntable-cres-bed-2bath/7920510372.html,Toronto,3229.923076923077,13.620233870775685,0.2415913616311703,0.15,0.39159136163117025,133.0
Craigslist,2800,3,0.0,,JUNCTION TRIANGLE,5,False,https://toronto.craigslist.org/tor/apa/d/toronto-junction-triangle-beds-bath/7922363982.html,Toronto,3229.923076923077,13.310628974255167,0.23609968878415993,0.15,0.3860996887841599,134.0
Craigslist,2195,2,0.0,,Toronto,5,False,https://toronto.craigslist.org/tor/apa/d/toronto-429-brock-ave-bsmt-2bed-2bath/7923940665.html,Toronto,2520.0142857142855,12.897319176195138,0.22876853149007892,0.15,0.37876853149007894,135.0
Craigslist,1750,0,0.0,,Richmond hill,5,False,https://toronto.craigslist.org/yrk/apa/d/richmond-hill-richmond-hill-yonge-major/7927663124.html,Toronto,2005.8297872340424,12.754311899357187,0.2262319140529454,0.15,0.3762319140529454,136.0
Craigslist,1750,0,0.0,,Toronto,5,False,https://toronto.craigslist.org/tor/apa/d/toronto-one-bedroom/7928878263.html,Toronto,2005.8297872340424,12.754311899357187,0.2262319140529454,0.15,0.3762319140529454,137.0
Craigslist,2200,2,0.0,,Vaughan,5,False,https://toronto.craigslist.org/yrk/apa/d/concord-commerce-st-stunning-bright/7929107297.html,Toronto,2520.0142857142855,12.698907602564605,0.2252491703181952,0.15,0.37524917031819516,138.0
Kijiji,2200,2,0.0,,Toronto,4,False,https://www.kijiji.ca/v-apartments-condos/city-of-toronto/torbolton-apartments-2-bedroom-apartment-for-rent/1736113857,Toronto,2520.0142857142855,12.698907602564605,0.2252491703181952,0.15,0.37524917031819516,139.0
Craigslist,2150,1,0.0,,york region,5,False,https://toronto.craigslist.org/yrk/apa/d/thornhill-west-lease-1br-1wr-heat-water/7923937864.html,Toronto,2462.5737704918033,12.692970835524608,0.2251438658391027,0.15,0.3751438658391027,140.0
Craigslist,2750,1,0.0,,South Riverdale,5,False,https://toronto.craigslist.org/tor/apa/d/east-toronto-11-bed-baths-no-parking/7923912997.html,Midtown,3136.2608695652175,12.3159675049214,0.21845670107790552,0.15,0.3684567010779055,141.0
Craigslist,2550,2,0.0,,dupont and dufferin,5,False,https://toronto.craigslist.org/tor/apa/d/west-toronto-brand-new-luxury-750-sq-ft/7929125128.html,Midtown,2888.4210526315787,11.71647230320699,0.2078230465131114,0.15,0.35782304651311136,142.0
Craigslist,4000,4,0.0,,College St. & Spadina Ave.,5,False,https://toronto.craigslist.org/tor/apa/d/toronto-all-furnished-of-4-bedrooms/7925966869.html,Toronto,4497.5,11.061700944969427,0.19620892112477145,0.15,0.3462089211247714,143.0
Craigslist,4000,4,0.0,,TORONTO,5,False,https://toronto.craigslist.org/tor/apa/d/downtown-toronto-central-downtown-beds/7925524605.html,Toronto,4497.5,11.061700944969427,0.19620892112477145,0.15,0.3462089211247714,144.0
Craigslist,2195,1,0.0,,Toronto,5,False,https://toronto.craigslist.org/tor/apa/d/toronto-lovely-bedroom-in-the-junction/7923548767.html,Toronto,2462.5737704918033,10.865614411151867,0.1927308007670758,0.15,0.3427308007670758,145.0
Craigslist,2195,1,0.0,,Toronto,5,False,https://toronto.craigslist.org/tor/apa/d/toronto-chicora-ave-3rd-fl-1br-1bath/7923929290.html,Toronto,2462.5737704918033,10.865614411151867,0.1927308007670758,0.15,0.3427308007670758,146.0
Craigslist,2195,1,0.0,,BELLWOODS,5,False,https://toronto.craigslist.org/tor/apa/d/west-toronto-trinity-bellwoods-bed-with/7923813432.html,Toronto,2462.5737704918033,10.865614411151867,0.1927308007670758,0.15,0.3427308007670758,147.0
Craigslist,2250,2,0.0,,Toronto,5,False,https://toronto.craigslist.org/tor/apa/d/downtown-toronto-central-downtown-beds/7925528722.html,Toronto,2520.0142857142855,10.714791866259255,0.19005555859935747,0.15,0.34005555859935743,148.0
Craigslist,2250,2,0.0,,Toronto,5,False,https://toronto.craigslist.org/tor/apa/d/downtown-toronto-central-downtown-beds/7929114195.html,Toronto,2520.0142857142855,10.714791866259255,0.19005555859935747,0.15,0.34005555859935743,149.0
Craigslist,2200,1,0.0,,Enterainment District,5,False,https://toronto.craigslist.org/tor/apa/d/toronto-bed-bath-canary-district-condos/7926054969.html,Toronto,2462.5737704918033,10.662574808443786,0.18912934909240617,0.15,0.33912934909240616,150.0
Craigslist,2200,1,0.0,,Toronto,5,False,https://toronto.craigslist.org/tor/apa/d/east-toronto-stunning-bedroom-at-queen/7925843556.html,Toronto,2462.5737704918033,10.662574808443786,0.18912934909240617,0.15,0.33912934909240616,151.0
Kijiji,2045,2,0.0,,Fairbanks,20,False,https://www.kijiji.ca/v-apartments-condos/city-of-toronto/2-bedroom-unit-available-2-045-month-gas-water-incl/1735264809,Toronto,2520.0142857142855,18.84966638511119,0.3343493666465921,0.0,0.3343493666465921,152.0
Craigslist,2900,3,0.0,,TORONTO,5,False,https://toronto.craigslist.org/tor/apa/d/downtown-toronto-central-downtown-beds/7922934513.html,Toronto,3229.923076923077,10.214580009049994,0.18118296031405656,0.15,0.3311829603140566,153.0
Craigslist,2600,2,0.0,,dupont and dufferin,5,False,https://toronto.craigslist.org/tor/apa/d/west-toronto-junction-trianle-beds/7927007820.html,Midtown,2888.4210526315787,9.985422740524774,0.1771182418183282,0.15,0.32711824181832816,154.0
Craigslist,3600,2,0.0,,Harbourfront,5,False,https://toronto.craigslist.org/tor/apa/d/toronto-bedroom-bathroom-the-waterclub/7920674238.html,Downtown,3992.3076923076924,9.826589595375724,0.1743009101797684,0.15,0.32430091017976836,155.0
Kijiji,1850,0,0.0,,Leaside-Bennington,4,False,https://www.kijiji.ca/v-apartments-condos/city-of-toronto/apartment-for-rent/1736108373,East York,2050.0,9.75609756097561,0.17305054497044434,0.15,0.32305054497044433,156.0
Craigslist,2275,2,0.0,,WYCHWOOD,5,False,https://toronto.craigslist.org/tor/apa/d/downtown-toronto-wychwood-gem-beds-bath/7920682295.html,Toronto,2520.0142857142855,9.722733998106579,0.17245875273993858,0.15,0.32245875273993857,157.0
Kijiji,2024,1,0.0,,Toronto,16,False,https://www.kijiji.ca/v-apartments-condos/city-of-toronto/1-bedroom-apartment-for-rent-295-dufferin-street/1735485204,Toronto,2462.5737704918033,17.80956882376828,0.315900448040778,0.0,0.315900448040778,158.0
Craigslist,2295,2,0.0,,Toronto,5,False,https://toronto.craigslist.org/tor/apa/d/york-amazing-renovated-bedroom/7924853160.html,Toronto,2520.0142857142855,8.92908770358444,0.15838130805240352,0.15,0.3083813080524035,159.0
Craigslist,4100,4,0.0,,BELLWOODS,5,False,https://toronto.craigslist.org/tor/apa/d/west-toronto-trinity-bellwoods-beds/7926560350.html,Toronto,4497.5,8.838243468593664,0.1567699420042144,0.15,0.30676994200421437,160.0
Craigslist,2150,0,0.0,,dupont and dufferin,5,False,https://toronto.craigslist.org/tor/apa/d/west-toronto-must-see-brand-new-never/7929122870.html,Midtown,2357.3636363636365,8.796421271836802,0.1560281132252992,0.15,0.3060281132252992,161.0
Craigslist,2300,2,0.0,,Toronto,5,False,https://toronto.craigslist.org/tor/apa/d/toronto-wonderful-bedroom-apartment-for/7928565410.html,Toronto,2520.0142857142855,8.730676129953904,0.15486194688051974,0.15,0.3048619468805197,162.0
Craigslist,2300,2,0.0,,SCARLETT AND ST CLAIR,5,False,https://toronto.craigslist.org/tor/apa/d/york-spacious-beds-bath-with-two/7923814643.html,Toronto,2520.0142857142855,8.730676129953904,0.15486194688051974,0.15,0.3048619468805197,163.0
Craigslist,2250,1,0.0,,Enterainment District,5,False,https://toronto.craigslist.org/tor/apa/d/toronto-11-bed-bath-bauhaus-condos/7926055668.html,Toronto,2462.5737704918033,8.632178781362963,0.1531148323457096,0.15,0.3031148323457096,164.0
Craigslist,2250,1,0.0,,Toronto,5,False,https://toronto.craigslist.org/tor/apa/d/north-york-256-doris-ave-bed-1bath/7920590533.html,Toronto,2462.5737704918033,8.632178781362963,0.1531148323457096,0.15,0.3031148323457096,165.0
Craigslist,4150,5,0.0,,Brampton,5,False,https://toronto.craigslist.org/bra/apa/d/brampton-bed-parking4-washroom-house/7928476782.html,Toronto,4525.0,8.287292817679557,0.1469973551889824,0.15,0.2969973551889824,166.0
Craigslist,1850,0,0.0,,Toronto,5,False,https://toronto.craigslist.org/tor/apa/d/toronto-large-one-bedroom-apartment/7926082165.html,Toronto,2005.8297872340424,7.768844007891884,0.1378012756589963,0.15,0.28780127565899627,167.0
Craigslist,1550,0,0.0,,Scarborough,5,False,https://toronto.craigslist.org/tor/apa/d/scarborough-one-bedroom-lower-level/7928860084.html,Scarborough,1670.8333333333333,7.231920199501244,0.1282774924999116,0.15,0.2782774924999116,168.0
Craigslist,3000,3,0.0,,Toronto,5,False,https://toronto.craigslist.org/tor/apa/d/toronto-bedroom-house-for-rent/7921540581.html,Toronto,3229.923076923077,7.118531043844822,0.1262662318439532,0.15,0.27626623184395316,169.0
Craigslist,3000,3,0.0,,Toronto,5,False,https://toronto.craigslist.org/tor/apa/d/scarborough-29-andona-cres-3bedden/7924799219.html,Toronto,3229.923076923077,7.118531043844822,0.1262662318439532,0.15,0.27626623184395316,170.0
Craigslist,2345,2,0.0,,Toronto,5,False,https://toronto.craigslist.org/tor/apa/d/york-amazing-renovated-bedroom/7924852348.html,Toronto,2520.0142857142855,6.9449719672790895,0.1231876963335658,0.15,0.27318769633356577,171.0
Craigslist,2300,1,0.0,,Enterainment District,5,False,https://toronto.craigslist.org/tor/apa/d/downtown-toronto-11-bed-bath-rent/7926056925.html,Toronto,2462.5737704918033,6.60178275428214,0.11710031559901306,0.15,0.26710031559901304,172.0
Craigslist,2300,1,0.0,,Enterainment District,5,False,https://toronto.craigslist.org/tor/apa/d/toronto-bed-bath-bauhaus-condos/7926056278.html,Toronto,2462.5737704918033,6.60178275428214,0.11710031559901306,0.15,0.26710031559901304,173.0
Craigslist,2300,1,0.0,,Garden District,5,False,https://toronto.craigslist.org/tor/apa/d/toronto-bedroom-bathroom-merchandise/7920786242.html,Toronto,2462.5737704918033,6.60178275428214,0.11710031559901306,0.15,0.26710031559901304,174.0
Craigslist,2700,2,0.0,,dupont and dufferin,5,False,https://toronto.craigslist.org/tor/apa/d/west-toronto-brand-new-never-lived-in/7929125351.html,Midtown,2888.4210526315787,6.523323615160343,0.11570863242876181,0.15,0.2657086324287618,175.0
Craigslist,2700,2,0.0,,HIGH PARK,5,False,https://toronto.craigslist.org/tor/apa/d/toronto-main-level-beds-bath-high-park/7922363468.html,Midtown,2888.4210526315787,6.523323615160343,0.11570863242876181,0.15,0.2657086324287618,176.0
Craigslist,2390,2,0.0,,"Dovercourt-Wallace Emerson-Junction,",5,False,https://toronto.craigslist.org/tor/apa/d/west-toronto-steps-to-subway-beds-bath/7927003882.html,Toronto,2520.0142857142855,5.159267804604275,0.09151344578661186,0.15,0.24151344578661185,177.0
Craigslist,2395,2,0.0,,Toronto,5,False,https://toronto.craigslist.org/tor/apa/d/york-amazing-renovated-bedroom/7924851709.html,Toronto,2520.0142857142855,4.960856230973739,0.08799408461472809,0.15,0.2379940846147281,178.0
Craigslist,2400,2,0.0,,Toronto,5,False,https://toronto.craigslist.org/tor/apa/d/west-toronto-queen-and-gladstone-large/7928516680.html,Toronto,2520.0142857142855,4.762444657343204,0.08447472344284432,0.15,0.2344747234428443,179.0
Craigslist,2400,2,0.0,,toronto,5,False,https://toronto.craigslist.org/tor/apa/d/toronto-br-apt-in-duplex-desirable/7928555321.html,Toronto,2520.0142857142855,4.762444657343204,0.08447472344284432,0.15,0.2344747234428443,180.0
Craigslist,2350,1,0.0,,Enterainment District,5,False,https://toronto.craigslist.org/tor/apa/d/downtown-toronto-bed-bath-forward-condos/7926058104.html,Toronto,2462.5737704918033,4.5713867272013164,0.0810857988523165,0.15,0.2310857988523165,181.0
Craigslist,4300,4,0.0,,BLOOR AND OSSIGHTON,5,False,https://toronto.craigslist.org/tor/apa/d/downtown-toronto-student-friendly-beds/7923816887.html,Toronto,4497.5,4.391328515842134,0.07789198376310022,0.15,0.22789198376310021,182.0
Craigslist,2550,3,0.0,,Kensington market,5,False,https://toronto.craigslist.org/tor/apa/d/downtown-toronto-2nd-floor-3bedrooms/7925017790.html,Midtown,2640.0,3.4090909090909087,0.06046936656637685,0.15,0.21046936656637685,183.0
Kijiji,1950,0,0.0,,Dorset Park,1,False,https://www.kijiji.ca/v-apartments-condos/city-of-toronto/apartment-for-rent/1736256204,Toronto,2005.8297872340424,2.783376116426581,0.04937063726504722,0.15,0.19937063726504722,184.0
Craigslist,2400,1,0.0,,york region,5,False,https://toronto.craigslist.org/yrk/apa/d/markham-fabulous-bed-bath-suite-on-main/7922993497.html,Toronto,2462.5737704918033,2.540990700120494,0.04507128210561995,0.15,0.19507128210561994,185.0
Craigslist,2400,1,0.0,,Junction,5,False,https://toronto.craigslist.org/tor/apa/d/toronto-heart-of-the-junction-bedroom/7928616398.html,Toronto,2462.5737704918033,2.540990700120494,0.04507128210561995,0.15,0.19507128210561994,186.0
Craigslist,2400,1,0.0,,Toronto,5,False,https://toronto.craigslist.org/tor/apa/d/toronto-11-bed-bath-75-on-the-esplanade/7926060533.html,Toronto,2462.5737704918033,2.540990700120494,0.04507128210561995,0.15,0.19507128210561994,187.0
Craigslist,2400,1,0.0,,Toronto,5,False,https://toronto.craigslist.org/tor/apa/d/toronto-bed-bath-22-wellesley-the/7926059774.html,Toronto,2462.5737704918033,2.540990700120494,0.04507128210561995,0.15,0.19507128210561994,188.0
Craigslist,2400,1,0.0,,Toronto,5,False,https://toronto.craigslist.org/tor/apa/d/toronto-11-bed-bath-pure-spirit-condos/7922308526.html,Toronto,2462.5737704918033,2.540990700120494,0.04507128210561995,0.15,0.19507128210561994,189.0
Craigslist,4300,4,0.0,,dupont and dufferin,5,False,https://toronto.craigslist.org/tor/apa/d/west-toronto-1500-sq-ft-beds-baths-full/7929120672.html,Midtown,4400.0,2.272727272727273,0.04031291104425124,0.15,0.19031291104425124,190.0
Craigslist,2850,2,0.0,,Queen West,5,False,https://toronto.craigslist.org/tor/apa/d/toronto-queen-west-newly-renovated/7928871458.html,Midtown,2888.4210526315787,1.3301749271136953,0.02359421834441222,0.15,0.17359421834441222,191.0
Kijiji,1900,0,0.0,,Rockcliffe-Smythe,7,False,https://www.kijiji.ca/v-apartments-condos/city-of-toronto/apartment-for-rent/1735932475,Toronto,2005.8297872340424,5.2761100621592325,0.09358595646202177,0.08,0.17358595646202177,192.0
Kijiji,2300,2,1.0,,Englemount-Lawrence,10,False,https://www.kijiji.ca/v-apartments-condos/city-of-toronto/apartment-for-rent/1735784438,Scarborough,2428.0,5.2718286655683695,0.09351001441566022,0.08,0.17351001441566022,193.0
Kijiji,2399,2,0.0,,Toronto,13,False,https://www.kijiji.ca/v-apartments-condos/city-of-toronto/2-bedroom-apartment-for-rent-295-dufferin-street/1735623688,Toronto,2520.0142857142855,4.802126972069312,0.08517859567722108,0.08,0.1651785956772211,194.0
Kijiji,2400,2,0.0,,Clanton Park,12,False,https://www.kijiji.ca/v-apartments-condos/city-of-toronto/apartment-for-rent/1735649881,Toronto,2520.0142857142855,4.762444657343204,0.08447472344284432,0.08,0.1644747234428443,195.0
Craigslist,2500,2,0.0,,Toronto,5,False,https://toronto.craigslist.org/tor/apa/d/toronto-bed-bath-the-saint-condos/7926063244.html,Toronto,2520.0142857142855,0.7942131847325047,0.014087500005168892,0.15,0.1640875000051689,196.0
Craigslist,2500,2,0.0,,city of toronto,5,False,https://toronto.craigslist.org/tor/apa/d/york-second-floor-apartment-bedrooms/7926288087.html,Toronto,2520.0142857142855,0.7942131847325047,0.014087500005168892,0.15,0.1640875000051689,197.0
Craigslist,2500,2,0.0,,"Weston, Toronto",5,False,https://toronto.craigslist.org/tor/apa/d/toronto-spacious-bedroom-stacked/7920766493.html,Toronto,2520.0142857142855,0.7942131847325047,0.014087500005168892,0.15,0.1640875000051689,198.0
Craigslist,2500,2,0.0,,"Runnymede-Bloor West Village,",5,False,https://toronto.craigslist.org/tor/apa/d/west-toronto-may-15th-occupancy-beds/7920683003.html,Toronto,2520.0142857142855,0.7942131847325047,0.014087500005168892,0.15,0.1640875000051689,199.0
Craigslist,1995,0,0.0,,Toronto,5,False,https://toronto.craigslist.org/tor/apa/d/toronto-brand-new-fully-rebuilt-never/7928559545.html,Toronto,2005.8297872340424,0.5399155652671943,0.009576849987770133,0.15,0.15957684998777014,200.0
Craigslist,2450,1,0.0,,Toronto,5,False,https://toronto.craigslist.org/tor/apa/d/etobicoke-190-manitoba-st-bed-den-1bath/7926914632.html,Toronto,2462.5737704918033,0.5105946730396708,0.009056765358923389,0.15,0.15905676535892338,201.0
Craigslist,2000,0,0.0,,Vaughan,5,False,https://toronto.craigslist.org/yrk/apa/d/maple-basement-for-rent/7926499301.html,Toronto,2005.8297872340424,0.29064217069392917,0.0051553180680726785,0.15,0.15515531806807267,202.0
Craigslist,4100,4,0.0,,"Toronto, Willowdale East",5,False,https://toronto.craigslist.org/tor/apa/d/north-york-23-kenneth-wood-cres/7920823034.html,North York,4100.0,0.0,0.0,0.15,0.15,203.0
Craigslist,3850,6,0.0,,north york,5,False,https://toronto.craigslist.org/tor/apa/d/north-york-min-bus-walk-finch-subway/7927185817.html,North York,3850.0,0.0,0.0,0.15,0.15,204.0
Craigslist,3600,3,0.0,,St Lawrence Market,5,False,https://toronto.craigslist.org/tor/apa/d/toronto-bedroom-bathroom-time-space/7920674945.html,Scarborough,3600.0,0.0,0.0,0.15,0.15,205.0
Craigslist,3950,3,0.0,,North York,5,False,https://toronto.craigslist.org/tor/apa/d/north-york-extraordinary-bedroom-house/7927379486.html,North York,3950.0,0.0,0.0,0.15,0.15,206.0
Craigslist,2100,2,0.0,,NORTH YORK – TORONTO - YORKDALE,5,False,https://toronto.craigslist.org/tor/apa/d/north-york-yorkdale-bright-bedroom-bath/7923983658.html,North York,2100.0,0.0,0.0,0.15,0.15,207.0
Craigslist,1799,1,0.0,,"Etobicoke, Mimico",5,False,https://toronto.craigslist.org/tor/apa/d/etobicoke-2696-lake-shore-blvd-16/7926363705.html,Etobicoke,1799.0,0.0,0.0,0.15,0.15,208.0
Craigslist,2900,2,0.0,,The Beaches,5,False,https://toronto.craigslist.org/tor/apa/d/toronto-top-floor-beautiful-home-in-the/7926363912.html,Midtown,2888.4210526315787,-0.4008746355685206,-0.007110586350370978,0.15,0.142889413649629,209.0
Craigslist,3250,3,0.0,,Toronto,5,False,https://toronto.craigslist.org/tor/apa/d/toronto-bed-bath/7929093466.html,Toronto,3229.923076923077,-0.6215913691681089,-0.011025589331305255,0.15,0.13897441066869473,210.0
Craigslist,2490,1,0.0,,Toronto,5,False,https://toronto.craigslist.org/tor/apa/d/toronto-bed-bath-pure-spirit-condos/7926061732.html,Toronto,2462.5737704918033,-1.1137221486249875,-0.019754848038433852,0.15,0.13024515196156614,211.0
Craigslist,2670,3,0.0,,Ossington bus/ Oakwood village,5,False,https://toronto.craigslist.org/tor/apa/d/toronto-sunny-bedroom-with-outdoor-space/7923923995.html,Midtown,2640.0,-1.1363636363636365,-0.02015645552212562,0.15,0.12984354447787438,212.0
Craigslist,2550,2,0.0,,THE JUNCTION,5,False,https://toronto.craigslist.org/tor/apa/d/toronto-the-junction-brand-new-main/7926113132.html,Toronto,2520.0142857142855,-1.1899025515728452,-0.02110611171366882,0.15,0.12889388828633117,213.0
Craigslist,2500,1,0.0,,Waterfront Communities,5,False,https://toronto.craigslist.org/tor/apa/d/downtown-toronto-live-in-the-heart-of/7922406901.html,Toronto,2462.5737704918033,-1.5198013540411524,-0.026957751387773166,0.15,0.12304224861222683,214.0
Craigslist,2500,1,0.0,,Toronto,5,False,https://toronto.craigslist.org/tor/apa/d/toronto-bed-bath-88-scott-condos/7926062501.html,Toronto,2462.5737704918033,-1.5198013540411524,-0.026957751387773166,0.15,0.12304224861222683,215.0
Kijiji,2049,0,0.0,,Blake-Jones,3,False,https://www.kijiji.ca/v-apartments-condos/city-of-toronto/apartment-for-rent/1736161237,Toronto,2005.8297872340424,-2.1522370961240695,-0.03817569474496238,0.15,0.11182430525503761,216.0
Craigslist,2050,0,0.0,,Brampton,5,False,https://toronto.craigslist.org/bra/apa/d/brampton-central-16-church-street-east/7921923265.html,Toronto,2005.8297872340424,-2.2020917750387223,-0.039060001128901865,0.15,0.11093999887109812,217.0
Craigslist,4500,4,0.0,,"Kensington-Chinatown,",5,False,https://toronto.craigslist.org/tor/apa/d/downtown-toronto-steps-to-kensighton/7929121017.html,Midtown,4400.0,-2.272727272727273,-0.04031291104425124,0.15,0.10968708895574875,218.0
Craigslist,2700,3,0.0,,Kensington market,5,False,https://toronto.craigslist.org/tor/apa/d/downtown-toronto-2nd-floor-3bedrooms/7925254874.html,Midtown,2640.0,-2.272727272727273,-0.04031291104425124,0.15,0.10968708895574875,219.0
Craigslist,1900,0,0.0,,North York,5,False,https://toronto.craigslist.org/tor/apa/d/north-york-bedroom-ground-floor/7929110357.html,North York,1848.0,-2.813852813852814,-0.04991122319764439,0.15,0.1000887768023556,220.0
Craigslist,2595,2,0.0,,Toronto,5,False,https://toronto.craigslist.org/tor/apa/d/toronto-140-springhurst-ave-41-spacious/7926027777.html,Toronto,2520.0142857142855,-2.97560671424766,-0.052780362260622764,0.15,0.09721963773937722,221.0
Craigslist,2600,2,0.0,,Toronto,5,False,https://toronto.craigslist.org/tor/apa/d/toronto-bed-bath-bathurst-harbord/7929092410.html,Toronto,2520.0142857142855,-3.174018287878195,-0.05629972343250653,0.15,0.09370027656749347,222.0
Craigslist,3350,3,0.0,,Oakville,5,False,https://toronto.craigslist.org/oak/apa/d/oakville-3301-jacob-way-spacious-3bed/7926924844.html,Toronto,3229.923076923077,-3.717640334373282,-0.06594231780140863,0.15,0.08405768219859136,223.0
Craigslist,3000,2,0.0,,dupont and dufferin,5,False,https://toronto.craigslist.org/tor/apa/d/west-toronto-900-sq-ft-corner-unit-beds/7929125622.html,Midtown,2888.4210526315787,-3.862973760932952,-0.06852019573993737,0.15,0.08147980426006263,224.0
Craigslist,2575,1,0.0,,Toronto,5,False,https://toronto.craigslist.org/tor/apa/d/toronto-21-bed-bath/7929098625.html,Toronto,2462.5737704918033,-4.565395394662387,-0.08097952650781799,0.15,0.069020473492182,225.0
Craigslist,2650,2,0.0,,Toronto,5,False,https://toronto.craigslist.org/tor/apa/d/toronto-107-nairn-ave-main-spacious-2br/7924800688.html,Toronto,2520.0142857142855,-5.158134024183545,-0.09149333515134425,0.15,0.05850666484865574,226.0
Craigslist,3399,3,0.0,,Toronto,5,False,https://toronto.craigslist.org/tor/apa/d/scarborough-16-west-hill-dr-3bedden/7926901873.html,Toronto,3229.923076923077,-5.234704327323817,-0.0928515147517593,0.15,0.05714848524824069,227.0
Craigslist,2600,1,0.0,,Mount Pleasant,5,False,https://toronto.craigslist.org/tor/apa/d/toronto-11-bed-baths-live-in-midtown/7923968691.html,Toronto,2462.5737704918033,-5.580593408202798,-0.09898678488116627,0.15,0.05101321511883372,228.0
Craigslist,2600,1,0.0,,Trinity-Bellwoods,5,False,https://toronto.craigslist.org/tor/apa/d/west-toronto-01-beds-bath-no-parking/7923628773.html,Toronto,2462.5737704918033,-5.580593408202798,-0.09898678488116627,0.15,0.05101321511883372,229.0
Craigslist,1775,0,0.0,,Markham,5,False,https://toronto.craigslist.org/yrk/apa/d/markham-east-coach-house-for-rent/7928705358.html,Scarborough,1670.8333333333333,-6.2344139650872865,-0.11058404525854464,0.15,0.03941595474145536,230.0
Craigslist,2595,2,0.0,,"Cliffside, Scarborough",5,False,https://toronto.craigslist.org/tor/apa/d/scarborough-available-now-huge-pet/7928793394.html,Scarborough,2428.0,-6.878088962108732,-0.12200134693293169,0.15,0.027998653067068308,231.0
Craigslist,2595,2,0.0,,"Cliffside, Scarborough",5,False,https://toronto.craigslist.org/tor/apa/d/scarborough-available-now-huge-pet/7928975895.html,Scarborough,2428.0,-6.878088962108732,-0.12200134693293169,0.15,0.027998653067068308,232.0
Craigslist,2700,2,0.0,,Toronto,5,False,https://toronto.craigslist.org/tor/apa/d/toronto-bed-bath-merchandise-lofts/7926064112.html,Toronto,2520.0142857142855,-7.142249760488895,-0.12668694687018195,0.15,0.023313053129818045,233.0
Craigslist,2700,2,0.0,,Mississauga,5,False,https://toronto.craigslist.org/mss/apa/d/mississauga-3483-widdicombe-way-17/7927422092.html,Toronto,2520.0142857142855,-7.142249760488895,-0.12668694687018195,0.15,0.023313053129818045,234.0
Kijiji,2490,2,0.0,,Wallace Emerson,21,False,https://www.kijiji.ca/v-apartments-condos/city-of-toronto/2-bedroom-apartment-for-rent/1735215937,Toronto,2520.0142857142855,1.1910363319935746,0.021126222348936435,0.0,0.021126222348936435,235.0
Craigslist,3100,2,0.0,,HIGH PARK,5,False,https://toronto.craigslist.org/tor/apa/d/toronto-high-park-lifestyle-beds-bath/7926559689.html,Midtown,2888.4210526315787,-7.325072886297384,-0.12992980512950378,0.15,0.020070194870496216,236.0
Craigslist,4900,5,0.0,,KENSIGHTON MARKET,5,False,https://toronto.craigslist.org/tor/apa/d/downtown-toronto-location-locatio/7926782400.html,Toronto,4525.0,-8.287292817679557,-0.1469973551889824,0.15,0.003002644811017585,237.0
Kijiji,1699,1,0.0,,Scarborough,19,False,https://www.kijiji.ca/v-apartments-condos/city-of-toronto/1-bedroom-apartment-for-rent-1340-danforth-road/1735350758,Scarborough,1699.0,0.0,0.0,0.0,0.0,238.0
Kijiji,2100,0,0.0,,Edenbridge-Humber Valley,11,False,https://www.kijiji.ca/v-apartments-condos/city-of-toronto/condo-for-rent/1735729439,Toronto,2005.8297872340424,-4.694825720771374,-0.08327532032587641,0.08,-0.0032753203258764074,239.0
Craigslist,2750,2,0.0,,Toronto,5,False,https://toronto.craigslist.org/tor/apa/d/toronto-sudbury-st-bed-1bath-parking/7929035169.html,Toronto,2520.0142857142855,-9.126365496794245,-0.16188055858901967,0.15,-0.01188055858901968,240.0
Craigslist,2700,1,0.0,,Toronto,5,False,https://toronto.craigslist.org/tor/apa/d/toronto-bed-bath-with-parking/7926363090.html,Toronto,2462.5737704918033,-9.641385462364445,-0.1710158183745594,0.15,-0.021015818374559403,241.0
Kijiji,2250,0,0.0,,Old East York,3,False,https://www.kijiji.ca/v-apartments-condos/city-of-toronto/downtown-condo-for-rent/1736150658,East York,2050.0,-9.75609756097561,-0.17305054497044434,0.15,-0.023050544970444342,242.0
Craigslist,3450,1,0.0,,South Riverdale,5,False,https://toronto.craigslist.org/tor/apa/d/east-toronto-chance-to-live-in/7924171771.html,Midtown,3136.2608695652175,-10.00360440291679,-0.17744074234333243,0.15,-0.027440742343332436,243.0
Craigslist,2775,2,0.0,,THE JUNCTION,5,False,https://toronto.craigslist.org/tor/apa/d/toronto-this-architectural-gem-offers/7926113629.html,Toronto,2520.0142857142855,-10.11842336494692,-0.17947736444843854,0.15,-0.029477364448438542,244.0
Craigslist,1850,0,0.0,,Scarborough,5,False,https://toronto.craigslist.org/tor/apa/d/scarborough-walk-out-basement-for-rent/7924501030.html,Scarborough,1670.8333333333333,-10.72319201995013,-0.1902045578446967,0.15,-0.0402045578446967,245.0
Craigslist,4985,4,0.0,,THE QUEENSWAY AND ROYAL YORK,5,False,https://toronto.craigslist.org/tor/apa/d/etobicoke-luxury-top-to-bottowm-beds/7927005975.html,Toronto,4497.5,-10.839355197331852,-0.19226502321271577,0.15,-0.042265023212715774,246.0
Craigslist,2795,2,0.0,,KENSIGHTON MARKET,5,False,https://toronto.craigslist.org/tor/apa/d/downtown-toronto-hard-loft-kensighton/7920683552.html,Toronto,2520.0142857142855,-10.91206965946906,-0.19355480913597362,0.15,-0.04355480913597362,247.0
Craigslist,2050,0,0.0,,North York,5,False,https://toronto.craigslist.org/tor/apa/d/don-mills-south-newly-renovated-bhk/7928490755.html,North York,1848.0,-10.930735930735931,-0.19388590549854168,0.15,-0.04388590549854168,248.0
Craigslist,2800,2,0.0,,city of toronto,5,False,https://toronto.craigslist.org/tor/apa/d/etobicoke-br-brand-new-bedroom-condo/7923296278.html,Toronto,2520.0142857142855,-11.110481233099595,-0.1970741703078574,0.15,-0.047074170307857405,249.0
Craigslist,3600,3,0.0,,KENSIGHTON MARKET,5,False,https://toronto.craigslist.org/tor/apa/d/downtown-toronto-may-1st-occupancy-beds/7920684062.html,Toronto,3229.923076923077,-11.457762747386212,-0.20323413897666706,0.15,-0.05323413897666707,250.0
Craigslist,2850,2,0.0,,Toronto,5,False,https://toronto.craigslist.org/tor/apa/d/etobicoke-2br-corner-townhome-balcony/7929018919.html,Toronto,2520.0142857142855,-13.094596969404945,-0.2322677820266951,0.15,-0.0822677820266951,251.0
Craigslist,2850,2,0.0,,Toronto,5,False,https://toronto.craigslist.org/tor/apa/d/toronto-bed-bath-lower-penthouse-muse/7926066212.html,Toronto,2520.0142857142855,-13.094596969404945,-0.2322677820266951,0.15,-0.0822677820266951,252.0
Craigslist,2270,0,0.0,,Toronto,5,False,https://toronto.craigslist.org/tor/apa/d/downtown-toronto-apartment-for-rent/7927499536.html,Toronto,2005.8297872340424,-13.170121136262392,-0.2336074055955899,0.15,-0.0836074055955899,253.0
Kijiji,2780,2,0.0,,Old Town,8,False,https://www.kijiji.ca/v-apartments-condos/city-of-toronto/condo-for-rent/1735859702,Toronto,2520.0142857142855,-10.316834938577454,-0.1829967256203223,0.08,-0.10299672562032229,254.0
Craigslist,2800,1,0.0,,Willowdale East,5,False,https://toronto.craigslist.org/tor/apa/d/north-york-11-bed-baths-parking-north/7923970535.html,North York,2450.0,-14.285714285714285,-0.2533954408495792,0.15,-0.10339544084957922,255.0
Craigslist,2300,0,0.0,,Toronto,5,False,https://toronto.craigslist.org/tor/apa/d/toronto-spacious-st-lawrence-market/7927262516.html,Toronto,2005.8297872340424,-14.665761503701983,-0.2601365971137746,0.15,-0.11013659711377463,256.0
Kijiji,2800,2,2.0,,Guildwood,10,False,https://www.kijiji.ca/v-apartments-condos/city-of-toronto/apartment-for-rent/1735773649,Toronto,2520.0142857142855,-11.110481233099595,-0.1970741703078574,0.08,-0.1170741703078574,257.0
Craigslist,2900,2,0.0,,"Little Portugal, Toronto",5,False,https://toronto.craigslist.org/tor/apa/d/west-toronto-fabulous-bed-bath/7928824519.html,Toronto,2520.0142857142855,-15.078712705710295,-0.2674613937455328,0.15,-0.1174613937455328,258.0
Craigslist,2850,1,0.0,,Toronto,5,False,https://toronto.craigslist.org/tor/apa/d/toronto-429-brock-ave-laneway-brand-new/7924481947.html,Toronto,2462.5737704918033,-15.732573543606915,-0.2790593686146491,0.15,-0.1290593686146491,259.0
Kijiji,2650,2,2.0,,Woodbine Corridor,21,False,https://www.kijiji.ca/v-apartments-condos/city-of-toronto/condo-for-rent/1735227546,Scarborough,2428.0,-9.14332784184514,-0.16218143125216067,0.0,-0.16218143125216067,260.0
Craigslist,2900,1,0.0,,Toronto,5,False,https://toronto.craigslist.org/tor/apa/d/toronto-21-bed-bath-house-2nd-unit/7929090952.html,Toronto,2462.5737704918033,-17.762969570687737,-0.3150738853613456,0.15,-0.16507388536134562,261.0
Craigslist,2595,0,0.0,,"Lakeshore, Etobicoke",5,False,https://toronto.craigslist.org/tor/apa/d/etobicoke-41-arcadian-circle-suite/7925130939.html,Etobicoke,2198.3333333333335,-18.0439727065959,-0.320058229306595,0.15,-0.170058229306595,262.0
Craigslist,2995,2,0.0,,Toronto,5,False,https://toronto.craigslist.org/tor/apa/d/toronto-420-eglinton-ave-renod-2bed/7927885431.html,Toronto,2520.0142857142855,-18.84853260469046,-0.3343292560113245,0.15,-0.18432925601132452,263.0
Craigslist,2995,2,0.0,,"Toronto, Waterfront Communities",5,False,https://toronto.craigslist.org/tor/apa/d/toronto-16-yonge-st-bedden-2bath/7927920675.html,Toronto,2520.0142857142855,-18.84853260469046,-0.3343292560113245,0.15,-0.18432925601132452,264.0
Kijiji,2400,0,0.0,,West Hill,4,False,https://www.kijiji.ca/v-apartments-condos/city-of-toronto/condo-townhouse-for-rent/1736108716,Toronto,2005.8297872340424,-19.651229395167285,-0.34856723550772367,0.15,-0.19856723550772368,265.0
Kijiji,2350,0,0.0,,Birchcliffe-Cliffside,6,False,https://www.kijiji.ca/v-apartments-condos/city-of-toronto/apartment-for-rent/1735988122,Toronto,2005.8297872340424,-17.158495449434632,-0.30435191631074915,0.08,-0.22435191631074913,266.0
Kijiji,2250,0,0.0,,Banbury-Don Mills,2,False,https://www.kijiji.ca/v-apartments-condos/city-of-toronto/condo-available-for-rent/1736189046,North York,1848.0,-21.753246753246753,-0.3858521485664047,0.15,-0.2358521485664047,267.0
Craigslist,2450,0,0.0,,"Clanton Park, Toronto",5,False,https://toronto.craigslist.org/tor/apa/d/north-york-bright-spacious-bdrm-bath/7924990810.html,Toronto,2005.8297872340424,-22.143963340899937,-0.39278255470469825,0.15,-0.24278255470469826,268.0
Craigslist,2050,0,0.0,,"Cliffside, Scarborough",5,False,https://toronto.craigslist.org/tor/apa/d/scarborough-spacious-bright-pet/7920964373.html,Scarborough,1670.8333333333333,-22.69326683291771,-0.40252592474110227,0.15,-0.25252592474110225,269.0
Craigslist,2050,0,0.0,,"Cliffside, Scarborough",5,False,https://toronto.craigslist.org/tor/apa/d/scarborough-spacious-bright-pet/7928794054.html,Scarborough,1670.8333333333333,-22.69326683291771,-0.40252592474110227,0.15,-0.25252592474110225,270.0
Craigslist,3100,2,0.0,,Toronto,5,False,https://toronto.craigslist.org/tor/apa/d/toronto-bed-bath-65-east-liberty-st/7926068036.html,Toronto,2520.0142857142855,-23.015175650931692,-0.40823584062088364,0.15,-0.25823584062088367,271.0
Craigslist,3100,2,0.0,,Toronto,5,False,https://toronto.craigslist.org/tor/apa/d/toronto-429-brock-ave-main-2bed-1bath/7921575798.html,Toronto,2520.0142857142855,-23.015175650931692,-0.40823584062088364,0.15,-0.25823584062088367,272.0
Craigslist,3995,3,0.0,,Toronto,5,False,https://toronto.craigslist.org/tor/apa/d/toronto-spacious-cozy-and-beautiful/7924020508.html,Toronto,3229.923076923077,-23.687156159946646,-0.42015521643357545,0.15,-0.27015521643357543,273.0
Craigslist,4000,3,0.0,,Toronto,5,False,https://toronto.craigslist.org/tor/apa/d/toronto-bed-bath/7929101388.html,Toronto,3229.923076923077,-23.8419586082069,-0.4229010528570806,0.15,-0.27290105285708055,274.0
Craigslist,3900,1,0.0,,Kensington-Chinatown,5,False,https://toronto.craigslist.org/tor/apa/d/downtown-toronto-live-in-the-highly/7926391709.html,Midtown,3136.2608695652175,-24.3519006293842,-0.43194624168555684,0.15,-0.2819462416855568,275.0
Craigslist,5600,4,0.0,,KENSIGHTON MARKET,5,False,https://toronto.craigslist.org/tor/apa/d/downtown-toronto-august-1st-occupancy/7926560763.html,Toronto,4497.5,-24.5136186770428,-0.43481474480414173,0.15,-0.2848147448041417,276.0
Craigslist,2500,0,0.0,,Bathurst/Harbord,5,False,https://toronto.craigslist.org/tor/apa/d/toronto-2500-furnished-third-floor-apt/7927015080.html,Toronto,2005.8297872340424,-24.63669728663259,-0.43699787390167283,0.15,-0.28699787390167286,277.0
Craigslist,2500,0,0.0,,toronto,5,False,https://toronto.craigslist.org/tor/apa/d/west-toronto-one-bedroom-is-available/7925489041.html,Toronto,2005.8297872340424,-24.63669728663259,-0.43699787390167283,0.15,-0.28699787390167286,278.0
Craigslist,3150,2,0.0,,Toronto,5,False,https://toronto.craigslist.org/tor/apa/d/toronto-bed-bath-house-main-floor/7929100822.html,Toronto,2520.0142857142855,-24.999291387237044,-0.44342945233972136,0.15,-0.2934294523397214,279.0
Craigslist,3150,2,0.0,,Toronto,5,False,https://toronto.craigslist.org/tor/apa/d/east-york-79-oconnor-dr-main-2bed-1bath/7926212110.html,Toronto,2520.0142857142855,-24.999291387237044,-0.44342945233972136,0.15,-0.2934294523397214,280.0
Kijiji,2450,0,0.0,,North St.James Town,14,False,https://www.kijiji.ca/v-apartments-condos/city-of-toronto/condo-apartment-for-rent/1735578176,Toronto,2005.8297872340424,-22.143963340899937,-0.39278255470469825,0.08,-0.31278255470469823,281.0
Craigslist,3650,2,0.0,,Distillery District,5,False,https://toronto.craigslist.org/tor/apa/d/toronto-multi-level-bedroom-bathroom/7920673741.html,Midtown,2888.4210526315787,-26.366618075801757,-0.4676826567721189,0.15,-0.31768265677211893,282.0
Craigslist,3199,2,0.0,,Toronto,5,False,https://toronto.craigslist.org/tor/apa/d/toronto-bed-main-lower-dufferin-grove/7929092872.html,Toronto,2520.0142857142855,-26.943724808816288,-0.47791919182418235,0.15,-0.3279191918241824,283.0
Craigslist,3995,1,0.0,,South Riverdale,5,False,https://toronto.craigslist.org/tor/apa/d/east-toronto-immaculate-bed-baths/7922405795.html,Midtown,3136.2608695652175,-27.380985388305096,-0.485675180435582,0.15,-0.335675180435582,284.0
Craigslist,2580,0,0.0,,Oakwood Village,5,False,https://toronto.craigslist.org/tor/apa/d/york-bright-second-floor-apartment/7927477135.html,Toronto,2005.8297872340424,-28.62507159980483,-0.5077423846168321,0.15,-0.35774238461683205,285.0
Craigslist,3200,1,0.0,,Case Loma,5,False,https://toronto.craigslist.org/tor/apa/d/toronto-11-bed-bath-parking-beautiful/7920941933.html,Toronto,2462.5737704918033,-29.945345733172672,-0.5311609858415248,0.15,-0.3811609858415248,286.0
Craigslist,5200,2,0.0,,Entertainment District/King West,5,False,https://toronto.craigslist.org/tor/apa/d/toronto-bedroom-bathroom-theatre-park/7924478613.html,Downtown,3992.3076923076924,-30.2504816955684,-0.5365733901612477,0.15,-0.3865733901612477,287.0
Craigslist,3300,2,0.0,,Toronto,5,False,https://toronto.craigslist.org/tor/apa/d/toronto-renovated-bed-main-floor/7929094701.html,Toronto,2520.0142857142855,-30.951638596153092,-0.5490102874962345,0.15,-0.39901028749623446,288.0
Craigslist,4300,3,0.0,,Toronto,5,False,https://toronto.craigslist.org/tor/apa/d/north-york-luxury-storey-bedroom/7928863685.html,Toronto,3229.923076923077,-33.13010550382242,-0.5876512382673907,0.15,-0.4376512382673907,289.0
Craigslist,2700,0,0.0,,Keele St  and Bloor St  W,5,False,https://toronto.craigslist.org/tor/apa/d/toronto-fabulous-one-bedroom/7923321754.html,Toronto,2005.8297872340424,-34.60763306956319,-0.6138591506895709,0.15,-0.46385915068957084,290.0
Craigslist,2700,0,0.0,,Keele St  and Bloor St  W,5,False,https://toronto.craigslist.org/tor/apa/d/toronto-fabulous-one-bedroom/7923324136.html,Toronto,2005.8297872340424,-34.60763306956319,-0.6138591506895709,0.15,-0.46385915068957084,291.0
Craigslist,3000,0,0.0,,Long Branch,5,False,https://toronto.craigslist.org/tor/apa/d/etobicoke-bright-large-3bed2bath/7919657232.html,Etobicoke,2198.3333333333335,-36.467020470053065,-0.6468403709935808,0.15,-0.4968403709935808,292.0
Craigslist,3450,2,0.0,,Toronto,5,False,https://toronto.craigslist.org/tor/apa/d/toronto-bed2-bath-downtown-to-perfect/7928514597.html,Toronto,2520.0142857142855,-36.90398580506915,-0.6545911226527478,0.15,-0.5045911226527477,293.0
Craigslist,3500,2,0.0,,Waterfront Communities,5,False,https://toronto.craigslist.org/tor/apa/d/downtown-toronto-beds-baths-with/7920942840.html,Toronto,2520.0142857142855,-38.88810154137449,-0.6897847343715853,0.15,-0.5397847343715853,294.0
Craigslist,4100,2,0.0,,Roncesvalles,5,False,https://toronto.craigslist.org/tor/apa/d/toronto-incredible-penthouse-loft-bed/7926459923.html,Midtown,2888.4210526315787,-41.946064139941704,-0.7440258990251678,0.15,-0.5940258990251678,295.0
Craigslist,2850,0,0.0,,Toronto,5,False,https://toronto.craigslist.org/tor/apa/d/etobicoke-brand-new-condo-parking/7929005002.html,Toronto,2005.8297872340424,-42.08583490676115,-0.7465051082804945,0.15,-0.5965051082804945,296.0
Craigslist,3500,1,0.0,,Mississauga,5,False,https://toronto.craigslist.org/mss/apa/d/mississauga-confederation-pkwy-stunning/7929103419.html,Toronto,2462.5737704918033,-42.12772189565761,-0.7472480863217041,0.15,-0.5972480863217041,297.0
Craigslist,3600,2,0.0,,Toronto,5,False,https://toronto.craigslist.org/tor/apa/d/toronto-bed-bath-house/7924332649.html,Toronto,2520.0142857142855,-42.85633301398519,-0.7601719578092608,0.15,-0.6101719578092608,298.0
Craigslist,2985,0,0.0,,Toronto,5,False,https://toronto.craigslist.org/tor/apa/d/toronto-two-bedroom-two-level-renovated/7929037829.html,Toronto,2005.8297872340424,-48.81621656023931,-0.8658864701123259,0.15,-0.7158864701123259,299.0
Craigslist,4800,1,0.0,,Queen West-Kensington,5,False,https://toronto.craigslist.org/tor/apa/d/downtown-toronto-21-bedroom-bathroom/7924392997.html,Midtown,3136.2608695652175,-53.04849308231901,-0.9409572403700056,0.15,-0.7909572403700056,300.0
Craigslist,3900,2,0.0,,Toronto,5,False,https://toronto.craigslist.org/tor/apa/d/west-toronto-luxury-2br-in-bloor-west/7928963932.html,Toronto,2520.0142857142855,-54.76102743181729,-0.971333628122287,0.15,-0.8213336281222869,301.0
Craigslist,5000,3,0.0,,Toronto,5,False,https://toronto.craigslist.org/tor/apa/d/toronto-bed-bath-harbord-village/7929091845.html,Toronto,3229.923076923077,-54.80244826025863,-0.9720683375581144,0.15,-0.8220683375581144,302.0
Craigslist,6200,2,0.0,,Entertainment District/King West,5,False,https://toronto.craigslist.org/tor/apa/d/toronto-furnished-bedroom-bathroom/7924477998.html,Downtown,3992.3076923076924,-55.29865125240847,-0.9808698278743826,0.15,-0.8308698278743826,303.0
Craigslist,3900,1,0.0,,Rockcliffe-Smythe,5,False,https://toronto.craigslist.org/tor/apa/d/york-kitchens-beautifully-maintained/7926114350.html,Toronto,2462.5737704918033,-58.370890112304195,-1.0353642202952766,0.15,-0.8853642202952766,304.0
Craigslist,5200,3,0.0,,Trinity-Bellwoods,5,False,https://toronto.craigslist.org/tor/apa/d/west-toronto-trinity-bellwoods-gem-beds/7923817160.html,Toronto,3229.923076923077,-60.99454619066898,-1.0819017944983211,0.15,-0.9319017944983211,305.0
Kijiji,3200,0,0.0,,Sonoma Heights,8,False,https://www.kijiji.ca/v-apartments-condos/city-of-toronto/apartment-for-rent/1735897780,Toronto,2005.8297872340424,-59.53497252688972,-1.0560123426593164,0.08,-0.9760123426593165,306.0
Craigslist,3300,0,0.0,,"Newtonbrook West, Toronto,",5,False,https://toronto.craigslist.org/tor/apa/d/north-york-freshly-painted-fully/7927774067.html,Toronto,2005.8297872340424,-64.52044041835502,-1.1444429810532657,0.15,-0.9944429810532657,307.0
Craigslist,7900,3,0.0,,Church-Yonge Corridor,5,False,https://toronto.craigslist.org/tor/apa/d/toronto-bedroom-bathroom-pantages-tower/7922432945.html,Downtown,4733.333333333333,-66.90140845070424,-1.1866758321476776,0.15,-1.0366758321476777,308.0
Craigslist,3450,0,0.0,,Brampton,5,False,https://toronto.craigslist.org/bra/apa/d/brampton-2800-sf-bed-35-bath-house-for/7927918129.html,Toronto,2005.8297872340424,-71.99864225555297,-1.277088938644189,0.15,-1.1270889386441891,309.0
Craigslist,5200,2,0.0,,Kensington-Chinatown,5,False,https://toronto.craigslist.org/tor/apa/d/downtown-toronto-beds-baths-parking/7926392790.html,Midtown,2888.4210526315787,-80.02915451895045,-1.419531602310398,0.15,-1.2695316023103982,310.0
Craigslist,5295,2,0.0,,Liberty Village,5,False,https://toronto.craigslist.org/tor/apa/d/toronto-bedroom-bathroom-toy-factory/7923682135.html,Midtown,2888.4210526315787,-83.31814868804666,-1.4778707312304862,0.15,-1.3278707312304863,311.0
Craigslist,4700,1,0.0,,Toronto C08,5,False,https://toronto.craigslist.org/tor/apa/d/downtown-toronto-11-bed-bath-parking/7922404020.html,Toronto,2462.5737704918033,-90.85722654559737,-1.6115964882424216,0.15,-1.4615964882424217,312.0
Craigslist,6200,3,0.0,,Toronto,5,False,https://toronto.craigslist.org/tor/apa/d/toronto-beds-baths-house/7924336190.html,Toronto,3229.923076923077,-91.9550358427207,-1.631069079199355,0.15,-1.481069079199355,313.0
Craigslist,3950,0,0.0,,Mount Albert,5,False,https://toronto.craigslist.org/yrk/apa/d/bradford-house-for-rent/7928704988.html,Toronto,2005.8297872340424,-96.92598171287949,-1.7192421306139347,0.15,-1.5692421306139348,314.0
Craigslist,5600,1,0.0,,Waterfront Communities,5,False,https://toronto.craigslist.org/tor/apa/d/downtown-toronto-bed-bath-with-parking/7923627736.html,Toronto,2462.5737704918033,-127.40435503305218,-2.2598577896829597,0.15,-2.10985778968296,315.0
Craigslist,5400,0,0.0,,High Park / Roncesvalles /Junction,5,False,https://toronto.craigslist.org/tor/apa/d/beautiful-furnished-large-3bdr-apt-in/7923000614.html,Midtown,2357.3636363636365,-129.06945354980525,-2.2893927757727033,0.15,-2.1393927757727034,316.0
Craigslist,5495,0,0.0,,"Palmerston-Little Italy, Toronto",5,False,https://toronto.craigslist.org/tor/apa/d/toronto-luxury-executive-sleek-corner/7923040962.html,Midtown,2357.3636363636365,-133.09937912151477,-2.360874309451106,0.15,-2.210874309451106,317.0
Craigslist,5998,2,0.0,,"near Toronto General & Princess Margaret Hospital, City Hall",5,False,https://toronto.craigslist.org/tor/apa/d/toronto-2br-furnished-downtown-toronto/7928956249.html,Toronto,2520.0142857142855,-138.01452372718975,-2.448057575844717,0.15,-2.2980575758447173,318.0
Craigslist,6195,1,0.0,,Toronto,5,False,https://toronto.craigslist.org/tor/apa/d/toronto-31-bed-bath-house/7924334765.html,Toronto,2462.5737704918033,-151.56606775531398,-2.6884305389686487,0.15,-2.538430538968649,319.0
Craigslist,12000,1,0.0,,Entertainment-Financial District,5,False,https://toronto.craigslist.org/tor/apa/d/toronto-21-bedroom-bathroom-shangri-la/7920889254.html,Downtown,4385.5,-173.6290046744955,-3.0797758728637206,0.15,-2.9297758728637207,320.0
Craigslist,11500,2,0.0,,Entertainment - Financial District,5,False,https://toronto.craigslist.org/tor/apa/d/toronto-furnished-bedroom-bathroom-the/7920975396.html,Downtown,3992.3076923076924,-188.05394990366088,-3.3356409477539986,0.15,-3.1856409477539986,321.0
Craigslist,9250,1,0.0,,West Queen West,5,False,https://toronto.craigslist.org/tor/apa/d/toronto-furnished-31-bedroom-bathroom/7921052913.html,Midtown,3136.2608695652175,-194.9372002107189,-3.4577338449764463,0.15,-3.3077338449764464,322.0
Craigslist,12950,1,0.0,,Harbourfront,5,False,https://toronto.craigslist.org/tor/apa/d/toronto-21-bedroom-bathroom-harbour/7924476434.html,Downtown,4385.5,-195.29130087789306,-3.4640147696029073,0.15,-3.3140147696029074,323.0
Craigslist,13000,1,0.0,,Rosedale/Annex,5,False,https://toronto.craigslist.org/tor/apa/d/toronto-41-bedroom-bathroom-rosedale/7922435837.html,Midtown,3136.2608695652175,-314.50633543128066,-5.57861300616165,0.15,-5.428613006161649,324.0
Craigslist,10500,1,0.0,,Trinity-Bellwoods,5,False,https://toronto.craigslist.org/tor/apa/d/toronto-furnished-bedroom-bathroom/7920884390.html,Toronto,2462.5737704918033,-326.38316568697286,-5.789280430859222,0.15,-5.6392804308592215,325.0
Kijiji,2099,2,0.0,,City of Toronto,50,True,https://www.kijiji.ca/v-apartments-condos/city-of-toronto/2-bedroom-apartment-for-rent-1340-danforth-road/1733853274,Toronto,,,,,,
Kijiji,1899,1,0.0,,Toronto,130,True,https://www.kijiji.ca/v-apartments-condos/city-of-toronto/parkdale-1-bedroom-apartment-for-rent-96-jameson-avenue/1730249991,Toronto,,,,,,
Kijiji,2050,0,0.0,,Toronto,365,True,https://www.kijiji.ca/v-apartments-condos/city-of-toronto/newly-designed-1-bdrm-for-rent-woodbine-gerrard-east/1686542799,Toronto,,,,,,
Kijiji,1699,0,0.0,,City of Toronto,48,True,https://www.kijiji.ca/v-apartments-condos/city-of-toronto/parkdale-bachelor-apartment-for-rent-96-jameson-avenue/1733935746,Toronto,,,,,,
Kijiji,1999,1,0.0,,City of Toronto,68,True,https://www.kijiji.ca/v-apartments-condos/city-of-toronto/parkdale-1-bedroom-apartment-for-rent-140-146-jameson-avenue/1733036168,Toronto,,,,,,
Kijiji,2500,0,0.0,,Toronto,365,True,https://www.kijiji.ca/v-apartments-condos/city-of-toronto/renovated-2-bdm-den-for-rent-in-torontos-danforth-village/1682227666,Toronto,,,,,,
Kijiji,2250,0,0.0,,Cedar Wood,52,True,https://www.kijiji.ca/v-apartments-condos/city-of-toronto/condo-apartment-for-rent-in-markham/1733753350,Toronto,,,,,,
Kijiji,1425,0,0.0,,Toronto,143,True,https://www.kijiji.ca/v-apartments-condos/city-of-toronto/bansley-apartments-bachelor-apartment-for-rent/1729587513,Toronto,,,,,,
Kijiji,1599,0,0.0,,Toronto,95,True,https://www.kijiji.ca/v-apartments-condos/city-of-toronto/spencer-apartments-bachelor-apartment-for-rent/1731764895,Toronto,,,,,,
Kijiji,2395,2,0.0,,City of Toronto,305,True,https://www.kijiji.ca/v-apartments-condos/city-of-toronto/2-bedroom-apartment-for-rent/1719371541,Toronto,,,,,,
Kijiji,2395,2,0.0,,Toronto,226,True,https://www.kijiji.ca/v-apartments-condos/city-of-toronto/2-bedroom-apartment-for-rent/1724649329,Toronto,,,,,,
Kijiji,1895,1,0.0,,Toronto,273,True,https://www.kijiji.ca/v-apartments-condos/city-of-toronto/1-bedroom-apartment-for-rent/1721344228,Toronto,,,,,,
Kijiji,1895,1,0.0,,City of Toronto,365,True,https://www.kijiji.ca/v-apartments-condos/city-of-toronto/1-bedroom-apartment-for-rent/1685201413,Toronto,,,,,,
Kijiji,1825,1,0.0,,Toronto,365,True,https://www.kijiji.ca/v-apartments-condos/city-of-toronto/1-bedroom-apartment-for-rent/1703054664,Toronto,,,,,,
Kijiji,2795,3,0.0,,Toronto,294,True,https://www.kijiji.ca/v-apartments-condos/city-of-toronto/3-bedroom-apartment-for-rent/1720047732,Toronto,,,,,,
Kijiji,1200,0,0.0,,Oakwood,75,True,https://www.kijiji.ca/v-apartments-condos/city-of-toronto/basement-apartment-for-rent/1732727590,Toronto,,,,,,
Kijiji,1695,0,0.0,,Toronto,365,True,https://www.kijiji.ca/v-apartments-condos/city-of-toronto/bachelor-for-rent-steps-to-victoria-park-station/1686542784,Toronto,,,,,,
Kijiji,2097,1,0.0,,Toronto,221,True,https://www.kijiji.ca/v-apartments-condos/city-of-toronto/1-bedroom-den-apartment-for-rent-king-west-parkdale/1724986874,Toronto,,,,,,
Kijiji,1750,0,0.0,,Toronto,365,True,https://www.kijiji.ca/v-apartments-condos/city-of-toronto/renovated-1-bdrm-apt-for-rent-in-torontos-danforth-village/1505826289,Toronto,,,,,,
Kijiji,2175,2,0.0,,Toronto,167,True,https://www.kijiji.ca/v-apartments-condos/city-of-toronto/2-bedroom-apt-for-rent-in-kingsway-neighbourhood-of-etobicoke/1728188894,Toronto,,,,,,
Kijiji,2399,3,0.0,,City of Toronto,31,True,https://www.kijiji.ca/v-apartments-condos/city-of-toronto/3-bedroom-apartment-for-rent-1360-danforth-road/1734762528,Toronto,,,,,,
Kijiji,2299,2,0.0,,Toronto,96,True,https://www.kijiji.ca/v-apartments-condos/city-of-toronto/2-bedroom-apartment-for-rent-55-triller-ave/1731739090,Toronto,,,,,,
Kijiji,1825,1,0.0,,Toronto,365,True,https://www.kijiji.ca/v-apartments-condos/city-of-toronto/1-bedroom-apartment-for-rent-steps-to-victoria-park-station/1653225839,Toronto,,,,,,
Kijiji,2975,3,0.0,,Toronto,365,True,https://www.kijiji.ca/v-apartments-condos/city-of-toronto/3-bedroom-apartment-north-york-don-valley-parkway-brookbanks-dr/1702054702,Toronto,,,,,,
Kijiji,1845,1,0.0,,Toronto,365,True,https://www.kijiji.ca/v-apartments-condos/city-of-toronto/1-bedroom-large-apt-for-rent-steps-to-victoria-park-station/1636404248,Toronto,,,,,,
Kijiji,2099,2,0.0,,Toronto,130,True,https://www.kijiji.ca/v-apartments-condos/city-of-toronto/2-bedroom-apartment-for-rent-1330-danforth-road/1730250005,Toronto,,,,,,
